ec,uniprot_id,domain,organism,ogt,ogt_source,topt,topt_source,ogt_range,protein_sequence
1.1.1.1,Q8TZM9,Archaea,pyrococcus_furiosus,96,experimental,77,predicted,"[95, 100)",MKRVNAFNDLKRIGDDKVTAIGMGTWGIGGRETPDYSRDKESIEAIRYGLELGMNLIDTAEFYGAGHAEEIVGEAIKEFEREDIFIVSKVWPTHFGYEEAKKAARASAKRLGTYIDLYLLHWPVDDFKKIEETLHALEDLVDEGVIRYIGVSNFNLELLQRSQEVMRKYEIVANQVKYSVKDRWPETTGLLDYMKREGIALMAYTPLEKGTLARNECLAKIGEKYGKTAAQVALNYLIWEENVVAIPKASNKEHLKENFGAMGWRLSEEDREMARRCV
1.1.1.100,I6U632,Archaea,pyrococcus_furiosus,96,experimental,73,predicted,"[95, 100)",MPCYNLKNKVAIVTGGGQGIGAAIAQLFAENGAKVVLAEIDEEAGLEREAMLRERGLDVTFIKTDVADEESVKNMVKKTVELYGGVDILVNNAAIMSVKSIFERTLEEWERVIRVNLTGPYICSRYAAEEMIKRGGGVIINIASTRALMSEPDTEPYSASKGGLLALTHSLAISLAKYRIRVVAVSPGWIETSRWKKSKLRSEPKLRPIDHEQHPAGRVGDPMDIAHICAFLADNEKAGFITGVNFVVDGGMTVKMIYAD
1.1.1.103,Q8U259,Archaea,pyrococcus_furiosus,96,experimental,71,predicted,"[95, 100)",MSEKMVAIMKTKPEYGAELVEVDVPKPGPGEVLIKILATSICGTDLHIYEWNEWAQTRIRPPQIMGHEVAGEVVEVGPGVEGIEVGDYVSVETHIVCGKCYACKRGQYHVCQNTKIFGVDTDGVFAEYAVVPAQNVWKNPKNIPPEYATLQEPLGNAVDTVLAGPIAGKSVLITGAGPLGLLGIAVAKASGAYPVIVSEPSEFRRNLAKKVGADYVINPFEEDVVKEVMDITDGNGVDVFLEFSGAPKALEQGLQAVTPAGRVSLLGLFPGKVSIDFNNLIIFKALTVYGITGRHLWETWYTVSRLLQSGKLNIDPIITHKYKGFDKYEEAFELMRAGKTGKVVFMLK
1.1.1.103,I6UPN6,Archaea,pyrococcus_furiosus,96,experimental,71,predicted,"[95, 100)",MSEKMVAIMKTKPEYGAELVEVDVPKPGPGEVLIKILATSICGTDLHIYEWNEWAQTRIRPPQIMGHEVAGEVVEVGPGVEGIEVGDYVSVETHIVCGKCYACKRGQYHVCQNTKIFGVDTDGVFAEYAVVPAQNVWKNPKNIPPEYATLQEPLGNAVDTVLAGPIAGKSVLITGAGPLGLLGIAVAKASGAYPVIVSEPSEFRRNLAKKVGADYVINPFEEDVVKEVMDITDGNGVDVFLEFSGAPKALEQGLQAVTPAGRVSLLGLFPGKVSIDFNNLIIFKALTVYGITGRHLWETWYTVSRLLQSGKLNIDPIITHKYKGFDKYEEAFELMRAGKTGKVVFMLK
1.1.1.103,O58389,Archaea,pyrococcus_horikoshii,95,experimental,74,predicted,"[95, 100)",MSEKMVAIMKTKPGYGAELVEVDVPKPGPGEVLIKVLATSICGTDLHIYEWNEWAQSRIKPPQIMGHEVAGEVVEIGPGVEGIEVGDYVSVETHIVCGKCYACRRGQYHVCQNTKIFGVDTDGVFAEYAVVPAQNIWKNPKSIPPEYATLQEPLGNAVDTVLAGPISGKSVLITGAGPLGLLGIAVAKASGAYPVIVSEPSDFRRELAKKVGADYVINPFEEDVVKEVMDITDGNGVDVFLEFSGAPKALEQGLQAVTPAGRVSLLGLYPGKVTIDFNNLIIFKALTIYGITGRHLWETWYTVSRLLQSGKLNLDPIITHKYKGFDKYEEAFELMRAGKTGKVVFMLK
1.1.1.169,A2BMY5,Archaea,hyperthermus_butylicus,99,experimental,69,predicted,"[95, 100)",MSLNIDVVVVGCGAVGSTVALALARAGVQVAAVTRSGTDGCRWDMVLVEGLGFGELLVCGWTGAARLRPRLVVYAVKAYDLTSAVEDSLQAGWNPEAVVSLQNGLGSLELLSKTYGVDRAIGGVVYFGAVGVAPCRARLLGRGGLLLGCWARGGSCSFWSHQLAEALTAGGLPSSHVGDVEPYRWLKLAVNAAINPVTVLAWSRNKVILENPDAGKLAAQLAREVALVAWRRGVELPGDPVEEVFRVARATGDNCSSMLQDVARRGRSEVDYINGSVAREAWRLGLRAPFNEAMWRAVRLLERWLAGRRLPCEI
1.1.1.169,Q8ZT70,Archaea,pyrobaculum_aerophilum,98,experimental,71,predicted,"[95, 100)",MLRVIGLGAVGSLFTYFLNRAGVVPEVVQRRRCGEFLFCVEGDCEKLKFREGGAADDVGYTIVAVKAYDSRSVVPHLKGVAVVAQNGIGGYEEIKEAYPNSVPAVVTYGVYREGCRAELRGVGEIYLPSAVSTLAELLERGGGRVRLVEDIEPYRWLKLAVNAAINAITALLQAPNGVIISSPYAQTLALEVAQEVLNVATALGVKMPRNPVEEVLRVASATAKNLSSTARDVAACAKTEIDYINGAVVKYGEALGVATPVNKALFNLIKARESLCNSG
1.1.1.169,A0A0V8RWP5,Archaea,pyrodictium_occultum,97,experimental,73,predicted,"[95, 100)",MEPLVAVVGGCGAVGSVAAVALARAGARVAAVSRRPGGCREEALEARGLGAARLPVCGWQGARRLRPRVVVYATKAYDLDGAVEASLRAGWSPELAVSMQNGLGSLELLEQAYGPGRAAAALAYYGATRLPGGCGARLAGSSRRVAVGCRARAGGACSPLARRLAELLSSGGLEAEYVGDVEPYRWEKLAVNAAVNPVTVLAWDRNRVVVENPWARGLAEALAREVGRVARAAGVEPASDPVEAALRVAEATGDNCSSMLEDVAAGRRTEIDYINGAVWRLGESHGVPAPANRAVHHAVRLLEPWLAGRRSPCAT
1.1.1.169,I6U824,Archaea,pyrococcus_furiosus,96,experimental,68,predicted,"[95, 100)",MKIYVLGAGAIGSLFGGLLFAAGEDVVLIGRKPHVDAINKRGLRITGIIEEVIKVPATISPPEEKPDLIILATKSYSTVEALRASKAIVEDTWILSIQNGIGNEDEIRKFGGKPIGGITTNGAILVSSGVVKWTGKGITVVGLYPKGRHTFVDKISEIFNRAGLETIVSENIEGWIWAKAIVNSAINPIGTLLRVKNGAILDNEELLSVAVEVVKEGCKVATQNGVKLEVHPIDLLFQTLKKTRENYNSMLQDILKGRKTEIDYINGKIVEYAKSVGLEAPLNFLLWGLIKGMEKLHGGVENVWGKRE
2.3.1.61,A4CCB3,Bacteria,pseudoalteromonas_tunicata,23,experimental,35,predicted,"[20, 25)",MTIEIKVPVLPESVADATIATWHVSVGDKVSRDQNLVDIETDKVVLEVVAPQDGVVTSISQQEGATVLGQQVIALIGASDATAVAQEQTAAPVAQAPVSEGNAVDILVPVLPESVADATIATWHVKPGEAVSRDQNLVDIETDKVVLEVVAPADGVMGEQLHGEGETVLGQQLIGKLLAGATASATPAAAPAPSAAPAAAASDDSASDVLTPSVRRLIAEKGLDASKIKGTGKGGRVTKEDVDAFLKAPAATSAPVATPAALAGRTQKRVPMTRLRKTIANRLLEAKNSTAMLTTFNEVNMKPIMDLRKQYQDVFEKRHGIRLGFMSFYVKAVTEALKRFPDVNASIDGDDIVYHNYFDISIAVSTPRGLVTPVLRDCDKLSVAEIEQGIRDLAIKGRDGKLTMDDMTGGNFTITNGGVFGSLLSTPIINLPQSSILGMHKIQDRPMAVNGKVEILPMMYLALSYDHRQIDGKESVGFLVTIKELLEDPTRLLLDV
2.1.1.264,G3J183,Bacteria,methylobacter_tundripaludum,22,experimental,34,predicted,"[20, 25)",MPTYQLFATTPKAMETILTDELQALGVNNIKATLAGVAFQGDLETAYRACLWSRTANRILLVLSSFEVKTQEDLYNGVQKIDWFEHINPEDSFAVSFSAKNSAAINNTHFGALKVKDAIVDQMRARFQTRPSINTEQPNIRINVYLNGENAQLSLDLSGESLHRRGYRDVSIKAPMKENLAAAMLLRSGWPQIAKQQGSLIDPMCGSGTLLLEGAMIAADYAPGLLRDYFGFTGWKKHDAQCWKKLRAEAEQRKKIGLEKLPVIVGFDQNRHTVNTALAHIANAGLQNKIHVERRDIEDAEPAESWKPGLLICNPPYGERLGDEQETAELYKKFGESLKAHFIGWKAAMIISNPELGFRLGLRSQKPITLFNGALECKLLRLDIEESNFFIPKAKTQEERIAQAIETGKIQEQRIAQATQTKTTPQPETTSADTLAEQDVSELGAEMFANRLKKNLKKLSNWAKQNRITCYRVYDADLPEYAVAVDIYQGEACRSQLTPLAYIPVGDQTWINVQEYEPPKSIDQHKADQRLAGLLAEIPRVLGVNREQVFLKIRRKQKSTDQYEKHDDQGRFHIIEEGGCKLLVNFEDYLDTGLFLDHRPIRMLIQKQAKDKSFLNLFAYTGSATVHAAMGGAKSTTTVDMSNTYINWAKKNMALNANEGAHEFIQADCLEWLAAEAQLANRHYDLIFLDPPTFSNSKRMDAVFDIQNDHVQLINNAISLLSPGGVLYFSTNFRRFKIDKQALSDLIVEDISAATIPEDFARNPKIHYCWRIQE
1.11.1.15,B8EMA6,Bacteria,methylocella_silvestris,23,experimental,37,predicted,"[20, 25)",MSLSAENYRALTRGVSKNLATLRADLPAVMKGFSDLARSATEDGALDKKTKELIALALGVASRCDACIGFHAQTLVKLGATKAEIEEMLGMAIYMGGGPSLMYAANALAAFEEFSLAA
2.5.1.87,A0A0P1BMC9,Eukarya,ceraceosorus_bombacis,24,experimental,33,predicted,"[20, 25)",MDGNRRWANSQKIPLPVKQGHISGFGALKTVLEVCLELRGLDTVSVYAFAIDNFKREPEEVEALMMLAKRNLKELAGHGEVLARHSVRLRIVGRRELLPVDVRAAVESVERMTLGNKRATLNVCIPYASRDEMAGAVRSLVDHTSRLRQNEVEWQCTQDALQQRMLLAHSPPVDVMVRTSGVKRLSDFMLWQSCEETHLHFTARYWPLFGLRELIPIILDYQRAEWRRRLMSWAS
1.15.1.1,A0A1V2LQC0,Eukarya,pichia_kudriavzevii,24,experimental,37,predicted,"[20, 25)",MFSAFRTSAVRVNTSFIRNSIRTKVSLPELKYKFTELEPFISADLNTLHYTKHHQTYVNGINQALEQHAQAEAAGDLKKCVELQQNIKFHGGGYQNHCLYWESLAPQSNGGGKLPSEDSGLYKAVTTQYGSFENLIKKANAALAGVQGSGWVFIAKNTDNGAIEIVQRYNHETCSGNLKPLLALDAWEHAYYLQYKNVKAEFFSAIWNVANWAEASRKYDQA
3.4.13.22,G2EG25,Bacteria,bizionia_argentinensis,20,experimental,38,predicted,"[20, 25)",MKNKILLLMLVLSSLSFAQNQTLPEGFVYAKTIIPNIDVELRYYSTHNFVGDTITGYHANTLIVSKATAKALKKVQDELSDQNLCLRVYDAYRPQRAVNHFIRWAKDLDDTCMKSEFYPEVEKKRLFGDGYIASRSGHSRGSTVDLTIIDANTMEPLDMGSPFDFFGESSWTAHNNLTTVQKKNRQLLQTVMKKHGFRNYPKEWWHFTLRGEPFPKTFFDFEVK
1.1.1.37,N4UHF4,Eukarya,fusarium_oxysporum,24,experimental,37,predicted,"[20, 25)",MVKAVVAGASGGIGQPLSLLLKTSPHIDELALYDVVNTPGVATDLSHISSRAKTTGYLPANDGAKAAFKDADIIVIPAGIPRKPGMTRDDLFNINAGIVKGLIEVAAEVAPKAFILVISNPVNSTVPIAAEVLKAKGVFNPQRLFGVTTLDIVRAETFVAEITGRANPQELTIPVIGGHSGETIVPLFSKASPAVQIPEDKYDALVNRVQFGGDEVVKAKDGAGSATLSMAYAGFRFAEKVLRAVKGEKGLVEPSYVYLPGVSGGGIPGGEAIAKETGTDFFSVPIELGPNGAEKATNPLEGITEKEKALLAKATEGLKGNISKGVSFVHNPPQK
3.5.1.98,A0A1C7NCT9,Eukarya,choanephora_cucurbitarum,24,experimental,40,predicted,"[20, 25)",MVRRSYNDDDDDESSTFSEDYXSQQKAKYMSASNSVRLASHNKTRVAYFHDEGVGNYHYGERHPMKPHRLTLTNHLVLKYGMHDKMEIFQPRRATDDEILNFHSSDYVDFLKRVTPDNADNYEKLFQRFNVGDDCPIFDGIYDFCQRYAGATIEASRKLIANGADICINWSGGLHHAKKSEASGFCYVNDIVLGILELLRYFPRVLYIDIDIHHGDGVQEAFYSTDRVMTVSFHKYNGDFFPATGHIDEIGASLGKYYSVNVPLRDGIDDEAYVWMFKEVIDSVIEAFRPSAIVLQCGADSLGCDRLGCFNLSINAHGHCVKIVKNYNIPLLVVGGGGYTVRNVARCWTYETSVLVDTTLDENLPPNEYIDFFKPDYKLHPDLKGRVENQNDQAYLMRVRERVLEQLRYLDHAPSIQMQEIPPDIQGFLDGEEEQRDAEEDTERNKDRRYVTGRRVAHEAEWFENDQDNEGEAQDSLWHNRMDLDD
2.1.2.1,A0A0C2SHX5,Eukarya,amanita_muscaria,24,experimental,32,predicted,"[20, 25)",MATVNTPDYNKILYTPLAEFDPEVQNIIDKETWRQFTGLELIASENLTSLAAMNANGSILTNKYSEGLPNARYYGGNEYIDELEVLCRKRALEAFHLDPAKWGVNVQPYSGSVSTFLVRFAALTALIQPQDRLMGLGLPDGGHLTHGYYTAKKKMTASSIYFQSLPYAITPDSNLIDYDGLASQAKIFKPRLIICGASAYPRDWDYARLKKVADTEGAYLMADIAHTSGLIAAQELDNPFEYCDVVTTTTHKTLRGPRAGLIFFRKDKESAKDLEKRVNEAVFPACQGGPHNNTIAAIATALKQVADPSWRAYAKQVISNARALAAGLSEHGYKLQTGGTDNHLVLWDLRPLGLTGSKVEKVCDLLGITINKNAVSGDASAQAPGGIRLGTSALTSRDMKEEDVKVVASLLHRSVQLSLQLQKEAGSKLLKDFIRVATTPSSAGFAQVKELRQEVREFAKKWPLPGVDVSNLEEPAGFVEHV
3.6.4.12,A0A2H3HEK1,Eukarya,fusarium_oxysporum,24,experimental,33,predicted,"[20, 25)",MAEKEATVFILDLGSTMAQTQSGRSESDLEYSMQYVWDKIIDIVAANRKTLCVGVLGLRTDETDNKLQDDDGYENIAVLQELGPMTMSSLRNLQSLVKPSNTWSGDAVSAIVLAVDMIDTFTKKLKWNRKIFLVTDGQGPMDADDLGDISKKMNDSNIQLTVLGVDFDDPEYGFKEEDKPSTKKENEQALRSLVNDCQDGVIANITEAIDELDTPRIKAVKPYKTYDGPLTLGDPNTFPAALNINVERYFKTKLARPLTASTVVVKSEGAPDSEPTQADADDMEGIEFSAVKQARSYKVNDPDAPGGKRDVEFDDLAKGYEYGRTAVHISESEYNITKIDTQKSFSIVGFIPCSKYEPFLNLGETCVTVARKFDAKSALALSSLVWALSELESYAIARIVTKDGKDPLLVLLAPSVEPDMECLYDIPLPFAEDIRSYQFPPLDKVITVTGQTLTTHRLLPTDELSDAMSDYVDAMDLSTYGLDDKGDPDEYVSIDETFNPTVHRVNHAVKSRALHPERPVPDVPSILLRFSHPTQDLIETVQRKVDALVEAADVKKVPPKAKGKRGRETVKPISGLDVDALLGEEEKGDISPDNAVPEFKQMLAATEELSQIEEAAKQMGAIISTFVTESFGDAKYQRALECLGVMREELINLEEPGLYNTFMQDMKKQLISGTLGGDRRDFWFKVRWGRLGLIDKQQSEVSDVSPEDADEFYKLK
3.4.11.18,W9CRW6,Eukarya,sclerotinia_borealis,8,experimental,39,predicted,"[5, 10)",MAPEESESIRKCIGVECENDAGSLQCPTCLKIGTKDSFFCSQDCFKRSWNEHKKAHKSQSNFLSNLFTPKVVSKPDPASGQFNPFPTFPFTGSLRPVYPLSDHREVPKTIKHPDYWRDGVPRSERTSQRNKIEILTKEQQEGMRKVCLLGREVLDIAALAAKPGVTTDYIDEIVHKACLERNSYPSPLNYCDFPKSVCTSVNEVICHGIPDRRVLKDGDILNIDVTLYHGGFHGDLNETYYIGDKAKADPDTVRVVEAARECLDEAIKIVKPGVLFREFGDIIEKRAKESKCSVIKAYCGHGINSLFHCAPNIPHYAKNKAVGAAKPGMCFTIEPMIALGTHKDKTWPDNWTSVTQDGKKTAQFEHTLLITEDGVEILTGRLPNSPGGPVPMPVVAEETNGEKKEVAA
3.6.3.25,A0A099KQC4,Bacteria,colwellia_psychrerythraea,9,experimental,40,predicted,"[5, 10)",MSISKDTENFDGFAISASKLTRNFGQLTAVSALDLTVEKQTIYGFLGPNGSGKTTAIRLLTGLLKPTSGQVSVLGCNLPQEANKLRLQIGYMTQKFSLYDDLTVTENLQFISRIYGLTANEQKARLSELLSIYQLTRLSKQLAGSMSGGQKQRLALAAAVLHKPKLLFLDEPTSAVDPQNRREFWEQLFDLCDQGTTILVSSHYMDEAERCHKLAILEDGIKKADDSPQALITKLPAKIVEIQANDLRHIKDNLTKLPQVISAAQLGTHLRVLINETVAQPIDFLQQQPCLTNKDKFTLVRASLEDVFVTCTGKEAISR
1.18.1.2,K6YVQ0,Bacteria,glaciecola_pallidula,7,experimental,33,predicted,"[5, 10)",MAKWHDAVIIDRVDWNPHLFSLYFSCSEFPTFTAGQFAKIGVEMQDGTVISRPYSLVNSPQSDVLEVIAVPVEEGSLSPKLHALQKGDKLKIMSPATGFLVLNEVPASENLLMLATGTGVGPFLSILETREPWRTYKNITLVYGVRKFHDLAYLAKIEKWQNDHAEQFSFVPVVSREKHAGTIQGRIPALIKSGVIQNQTKIDINPENTQVMLCGNPAMIADAMQVLNELGFKKHLRRSPGQISMERYW
2.3.1.1,A0A1Y5EVD7,Bacteria,colwellia_psychrerythraea,9,experimental,37,predicted,"[5, 10)",MPVNLPEIIPASLTPIQGIRLGWAESNIKKTNRKDLLVIEICDGSAVSGVFTQNRFCAAPVTLCKKHLDAVKNNDVTGTNVSGIKALVINTGNANAGTGEQGMLDALTTCQNLAEIMAIPVESILPFSTGVILEHLPMDKILAGLPLAVANLTADNWTDAASAIMTTDIAPKAYATQVKVGDESINITGISKGAGMIHPNMATMLGYVATDANITQSLLDSMTKEIADLSFNCISVDGDTSTNDSFIVIATGKSNAPAITDRNDEGFKAVFNALLETSQYLAKAIVRDGEGATKFITVTVKGALTLDEAKTIGFSIGKSPLVKTAMFASDPNLGRVLAAIGYASRECQSLDDLDTNQLELYFGDLLVAEKGGRAASYNEDEGQAIMNEAEIDITVQLHRGIEQSTIWTCDFSYDYVKINAEYRT
6.3.2.4,A0A099KI62,Bacteria,colwellia_psychrerythraea,9,experimental,33,predicted,"[5, 10)",MKAIKKIIYAWISQKFMGGCSSYNSLETRKCCRSKEQARNVFSKGGIPHAHGKIFLNPWVAHQFAKKHGFPLVIKPNVSGFSRGSHFPITNYRQLYKAIFLAKLWWPTTVVEQYLQGKNYRVVVIKGQIMSVIERFAPFVMGDGKMTIGQLIDQENEVRKSMALFPCISPLKKNAITVKFLKKQNLTLDDIPAEGNIVTLFYRISLAPGGVVKTIDKTTIPIENMTLFLKVLDLFDANILGIDVIFEQDITKDYTEQKCIFLEVNSRPYLKMHDYPRFGKKEDLSPYFKQLEQLEISQADIF
1.1.1.49,W9CW92,Eukarya,sclerotinia_borealis,8,experimental,35,predicted,"[5, 10)",MADTVIKPEESGNAGSLELKDNTVIIVLGASGDLAKKKTFPALFGLYRNQFLPKDVKIIGYARTKMDHEEYIKRVRSYIKTPTKDMEQQLQDFCDICTYISGQYDKPEGFIELRKHCEELEKGRPEANRIFYMALPPSVFTTVSQQLKANVYPETGVARIIVEKPFGKDLGSSRELQKSLEPNWNEEEIFRIDHYLGKEMVKNILILRFGNEFFGATWNRNHIDNVQITFKEPFGTEGRGGYFDEFGIIRDVMQNHLLQVLTLLAMERPISFSAEDVRDEKVRVLRSIPAIEPKNVIIGQYGKSLDGNKPSYKEDDTVPKDSRCPTFCAMVAYIKNERWDGVPFILKAGKALNEQKTEIRIQFKDVTSGIFKDIPRNELVMRIQPNESVYIKMNSKLPGLSMQTVVTELDLTYRRRFSDLKIPEAYESLILDALKGDHSNFVRDDELDASWRVFTPLLHYLDDNKEIIPMEYPYGSRGPAVLDDFTSSYGYKFSDAAGYQWPTTQTAPNKL
6.1.1.14,A0A099KY09,Bacteria,colwellia_psychrerythraea,9,experimental,32,predicted,"[5, 10)",MTTETLLIELGTEELPPKSLKTLATAFYDNIKNQLDSHNLAYSDIKWFATPRRFAVQVIDLAKKQEDKIVEKRGPAVNVAFDDAGNASKAAQGWARSNGIEVAQAERLVTDKGEWLLHRATVTGKAVVELVPDMVTIALNKLPIAKPMRWGAERTQFIRPVQTLTMLLGSDIIAGEALGVSSSNQVQGHRFHHEGLVSINHANDYQAELAKAYVEVDFNERQNKIVAQIKQAADEMNAVALIDEELLDEVTALVEWPVTLVGTFDEDFLNVPAEPLIYSMKDHQKYFPVNDKNGQLINKFIFVANIESKDPSAVIFGNEKVIRPRLADAEFFFKTDKKQSLESRLVSLESVLFQKQLGTLKAKSERIAMLSQFIAEQLNENAQDAYRAGLLSKTDLMSDMVLEFPQVQGTMGKYYALHDGENENIAQALEDQYRPRFAGDSLPEANIGCAVAISDKIDSLVGIFGIKQAPKGDKDPFALRRAAIGSIRIIIEKQLDLDLAALINKSIELFGDKLVNDNTANEVLEFVMGRFRAFYQEQGISVDVIQAVLAKKPSAPLDFEKRIKAVTFFGELPEAATLAAANKRVGNILAKFDGELYQSFNTDLATEQAELDLAKIYQEINVKVAPLMAEKNYQAALSELAQLKAPIDTFFDSVMVMSDDDAVKVNRLTLLNEIRNSFFAIADISVLQ
2.3.1.16,A0A099KDZ3,Bacteria,colwellia_psychrerythraea,9,experimental,34,predicted,"[5, 10)",MNEVVIVDCIRTPMGRSKAGVFRNVRAEALSAHLMKQILVRNPSLNPEDIEDVIWGCVKQTKEQGFNIARNASLLAGLPKSIGGVTVNRLCGSSMEALHQASTSIMSGQGDVFLIGGVEHMGHVPMMYDVDFDPALNKNIALASGNMGLTAELLGKQHGITREMQDAFGARSHQKAHEAQLAGRWDNEIVATQGHDATGALTLVEHDEVIRPETTAESLSALRPVFDPANGTVTAGTSSALSDGASAMLVMSAEKAKALGLTPRVKIRGMGVAGCDPATMGFGPVPATKKALKRAGLSIADIDLFEFNEAFAAQALSCVRALEVEDRMDQINLNGGAIALGHPLGCSGSRISGTLINLMEGQDANLGLATMCIGLGQGIATVFERV
6.3.4.2,Q6AQ78,Bacteria,desulfotalea_psychrophila,8,experimental,34,predicted,"[5, 10)",MKNTTNTKRTKFIFVTGGVLSSLGKGLAAASIGALLESRGLSITFQKLDPYINVDPGTMNPFQHGEVYVTDDGAETDLDMGHYERFTNAVMGQKNNFTSGRIYHTVINKERRGEYLGGTVQVIPHITDEIKKSVRQLDGSVDIAIIEIGGTVGDIEGLPFIEAIRQLRGDLGRDYTLFIHLTLVPYIKTAGEVKTKPTQHSVRELRADGIQPDILVCRTEVPLEENIKAKIALFCDVQQDAVINCVDVDSIYKLPIALHAEGLDSKILELLNIWTANPNIKPWQDLVENIQNPKNEVTIAITGKYVDLTEAYKSLHEALIHGGLANHTKVKLRYVSAEDLESGDPDSYLKGCDGILVPGGFGRRGVEGKIKAITYARENRIPFFGICLGMQLAVVEFARNMAGMSEAHSTELEPNSPDPVIYLTKEWFDYRTNKIQRRDENSDLGGTLRLGAYPCVLQQESHAGDAYGTQEVFERHRHRFEFNNDYRQQLIEKGLVISGTSPDGDLVEIVEIEDHPWFVGCQFHPEFKSKPMQAHPLFRDFISAAVANKKG
1.1.1.267,K6ZL89,Bacteria,glaciecola_pallidula,7,experimental,34,predicted,"[5, 10)",MRTITVLGATGSIGQNTIDVICRHPDKFRVFAITGHTNLNALVQLALQCSPRYIVLSDPQAYTAFAKILKKENCHSEILVGAQALDDVCCAPEVDTVMSAIVGAAGLLPTLAAVRTGKRVLLANKESLVMSGELFMNAVREHKAELVPIDSEHNAIFQCLPHDFEYGNLEKSGITKILLTGSGGPFRTLADESFDSITPDQACDHPTWTMGRKISVDSATMMNKGLEFIEAKWLFGLHEDDIEVVLHPQSTIHSMVQYVDGSIIAQLGNPDMRTSIAYGLSFPDRITSGVEAVDFSSLTDFSFSKPDQNRYPNLYLAIEACKQGQAATTAINAANEVAVDAFLKGQIKFTDIAKVNQHVLQKTDFIELTCIVQVLEHDAEARILAQQIVRKLN
1.18.1.2,K4IH42,Bacteria,psychroflexus_torquis,5,experimental,34,predicted,"[5, 10)",MIKTDILIIGAGPTGLFAVFEAGLLKLKCHIIDALPQPGGQLSELYPKKPIYDIPGFPEVKAGQLVDNLMEQIKSFQPGFTLGEKAQDIEKQEDGSFIVTTDQGTKHHAPIIAIAGGLGSFVPRKPPIANLSLFENKGVHYMVKDPEKFRDKSVVISGGGDSALDWSIYLADIASEVTLVHRRNEFRGALESVDRVKELKDIGKIKLITPAEIVDVHGGEQLESVSIRMNNNPEEDFELDTDYFIPLFGLSPKLGPIADWGLEIEKNAIKVDNTLDYQTNIPGIYAIGDVNIYPGKLKLILCGFHEATLMCQSAFRRIHPNKRYVMKYTTVGGVTGFDGTRKEAPKAVVRTID
2.5.1.54,Q6AQ90,Bacteria,desulfotalea_psychrophila,8,experimental,33,predicted,"[5, 10)",MSQSQKEWNKGSWKNYTALQQPNWPNEGAVEKVLANLSQLPPLVFAGEIRNLKQQLAKAVTGEAFLLQGGDCSENFSQVTAPKIRETLRVLLQMAVVLTYAGDKPVIKVGRLAGQFAKPRSSDTETINGVTLPSYRGDMVNCPDFTETCRVPNPKLMLKGYNMAASTLNLVRAFTRGGFGSLHRVQAWNQEFVAQSPMGRSYDRLAKQIDQTIKFMGNIGIAADNPLIEQTQLFTSHEALLLQYEEAMTRVDSTAGGWYDCSAHMLWIGERTRQLGGAHVEFLRGVLNPIGIKVGPNNDPDDIKRLCETLNPENEAGRITLITRLGVKEIEKSLPPLLREMKREGHNIVWSCDPMHANTYTATSGHKTRNFNDILSELTCFFESHWSEGTIPGGVHFEMTGEDVTECTGGARNIVDEELARNYLTTCDPRLNAEQSLEVAFQIADMIRS
2.7.1.11,A0A0L0FIL4,Eukarya,sphaeroforma_arctica,5,experimental,36,predicted,"[5, 10)",MSGPTIIKKKSVAMPNVTLHTTDFKVRTIGEATFDSPLDCVEWYDDDDGVIATSTLDMDILTNSFTFVEKAGPRQKLFFDPKNTRVGVVTCGGLCPGLNNVIRALVMCLWHRYGIRSITGFKYGYEGLNPETSQEIDLNPKRVAEVHRFGGTLLGSSRGGQSVSTMVDFLQDKKIDILFTIGGDGTQKGADAISNECEKRGVPIACIGVPKTIDNDVAFVERTFGFETAVELAQASIQAAHEEARGARNGIGIVKLMGRDSGFIALHASLANCDTNICLLPETPFKISKIADYIENRFKTRDHCVIVVAEGAGQDNFKSEGTDASGNVKYGDIGVLLRDRLGAIMKEKKIDVTIKYIDPSYTIRSAPTNASDSVFCVQLAQMATHAAMAGKTGAIVGMLNAQFVHIPIAKSVSERKKVDVKGNTFQSLLDNTGQPGSWE
1.8.1.4,A0A0L0FW75,Eukarya,sphaeroforma_arctica,5,experimental,40,predicted,"[5, 10)",MQSFVSRSVRTTAKVQQTRVAGAAVARWYSSGEEYDLVVIGGGPGGYIGAIKAAQMGMKVACVEGRGRLGGTCLNVGCMPSKALLNSSHLYHQAQHGLASKGIEVGEVKLNLDKMMELKSNTVTTLTGGIEGLFKKNKIEYIKGWGSFQDKNNIKVKTEDGGESTLKAKRVLIATGSEVTPFPGGSIEIDEKTIVSSTGALDIAKVPDKFVVIGGGVIGLELGSVWSRLGAEVTVVEFLPAVGGVGIDGEVAKTFQRILGKQGLKFKMQTKVTGTSPREGGGVVVHMENVKNGKTEELEADNLLVSVGRRPYTEGLGLENIGLTDLDRGKIPVDKYFQTKTEGVYAIGDVIDGPMLAHKAEDEAFICVEGMLGGHPHIDYNCVPSVVYTHPEVAWVGQSEEALKEQGIEYKVGKFPFAANSRAKAMEDTDGFVKVLACKKTDKVLGCHIIGATAGDMIHEAVIAMEYGASAEDMGRVCHAHPTQSEAFREANLMAWTGKALNF
4.2.1.59,A0A099KAN8,Bacteria,colwellia_psychrerythraea,9,experimental,38,predicted,"[5, 10)",MAMPQQNSYSKEDLVKAGTGELFGEGNSQLPSDNMLMMDRIITITEEGGENGKGYILAELDITPDLWFFDCHFKGDPVMPGCLGLDAMWQLVGFFLAWTGGPGRGRALGVGEVKFTGQILPTAKKVTFKIDFKRVIKRKLYMGLADGSVSVDGREIYTAKDLKVGLFTDTTKF
2.5.1.30,A0A099KQX7,Bacteria,colwellia_psychrerythraea,9,experimental,36,predicted,"[5, 10)",MGNTVNIKTIQTLAQNDMTAVNDLIYDQLQSDVALINQLGIYIVNGGGKRMRPMLTVLAARALAYHGKQHLEIAAIIEFIHTATLLHDDVVDESNMRRGRETANALFGNSASVLVGDFLYTRSFQMMTKLGDMRIMDILSDATNIVAEGEVLQLMNCNDASTTEESYMQVIYCKTAKLFEAATRLAAVISKQDEKIEQAMADYGMYLGTAFQLVDDIMDYTADAKEMGKNVGDDLAEGKPTLPLLYAMKHGDEAQKKLIKEAIELGNGMDNLELILKAMEDTGSLRYTQQQAEIEADKAIKALEVIADSEQKQALIALAHIAANRSH
2.3.1.117,A0A099L2I5,Bacteria,colwellia_psychrerythraea,9,experimental,37,predicted,"[5, 10)",MTDLKQLAGVIEQAFEDRANITPATVSSEIKNAVLAALAALNNGSARVAEKIDGQWQVNQWLKKAVLLSFRIWDNQVIDGAESTFFDKVPMKYDCYTQAMFEADGVRIVPGASVRTGSFIGKNVVVMPSFVNIGAFVDEGCMVDAWATVGSCAQIGKNVHLSGGVGIGGVLEPLQAGPTIIEDNCFIGARSEIVEGVVVEEGAVISMGVYIGQSTRIFDRETGEIHYGRVPAGSVVVPGNLPSACGTYSLYAAIIVKKVDAKTLAKVGINELLRSVSEEK
1.4.1.13,Q47VM2,Bacteria,colwellia_psychrerythraea,9,experimental,35,predicted,"[5, 10)",MSKNVYQFIDVKRIDPAKKSISERKINFVEIYQPMGNEQSAGQADRCLDCGNPYCEWKCPVHNYIPQWLELVTENRIFEAADLCHETNSLPEMCGRVCPQDRLCESACTLNDEFGAVTIGNIEKHITDTAIAQGWKPNLSHVVKTGKRVAVIGAGPAGIGCADVLTRNGVDVVVYDRHAQIGGLLTFGIPSFKLEKSVIQTRREILEGMGIEFRLNINVGTDISFKDISDEYDAVFLGLGTYTDMSGGFDNEGAQGVYNALDFLIGNTQNLMGFTKADNAQVKPYVNFKDKKVIVLGGGDTAMDCVRTSIRQDATSVTCAYRRDEANMPGSPREVQNAKEEGVNFEFNLQPLDIAVNEQGVAIGVKFVKTQLGSPDANGRRNPEPIADSEFIMEADAVVIAFGFLPSPPQWMVDAGVELDSRGRVVAVDSSDFALQTSKQNVFAGGDMVLGSDLVVTAIDQGQKAAMGILDYVTQ
4.2.1.79,K6Y3I5,Bacteria,glaciecola_pallidula,7,experimental,32,predicted,"[5, 10)",MSHNVDINNRPDYDHVIQDITDYVLSFSVSSEEALDTARNCLLDTLGCGLLALRFPECTKHLGPIVQDTLVPNGARVPGTSLSLDPVKAAWDIGCIIRWLDYNDTWLAAEWGHPSDNLGGILAVADHLSQVKISKGEQPLMMREVLEAMVMAHEIQGVIALENSFNRVGLCHVLLVRVASTAVVTKMMGGNREQIMAAISQAWVDGSALRTYRHAPNAGSRKSWAAGDATSRAVRLADMSMRGEMGIPSALTAPQWGFYDVSFSTTNKDQALKPESEREFSFAQAYGSYVMENILFKISFPAEFHAQTAAEASVILHPKVKARLSEIHKIVIRTHESAIRIISKTGSLANAADRDHCLQYMIAVPLVFGSLTAEHYEDSFHDANPIIDELREKMEILEDKRFTAEYLEADKRSIANAIQVFFKDGSSTKEVVIEYPVGHRRRREEGIPLLEQKFKANLASRFPNQQCQTIFTLCKNQAMLESTPVNRFMDLFVIA
3.5.1.16,Q9K4Z7,Bacteria,moritella_profunda,5,experimental,33,predicted,"[5, 10)",MQLPKFNELYKSLILTPSISSLEKELDISNKPVIDLLAAWFSELGFSINITSVPETNGKFNLVATYGQGDGGLLLAGHTDTVPFDDGLWTKDPFQLTEKDDKWYGLGTIDMKGFFAFVLEACKNIDLTKLDKPLRILATADEETTMAGARAIAAAKSFRPDYAVIGEPTSMVPVFMHKGHMSEAIRITGRSGHSSDPANGINAIEIMHQVTGQLLQLQRKLKEQYACDHFVIPQPTLNFGHVHGGDSPNRICGSCELHIDMRPIPGVNPDELFMLLNQALLPIMKQWPGAVDVYHLHEPIPAYACDTDSALIKLAEKLTGETVIPVNYCTEAPFIHTGCDTIVMGPGSINQAHQPDEYLDLSAIKPTQAIIQKLIEQSCKN
3.1.3.11,A9CUY9,Bacteria,shewanella_benthica,5,experimental,34,predicted,"[5, 10)",MQTLAQNLKSQGINASLTQLIHTLANTSKEISHAVRHGALSGVLGTTEHENVQGETQKKLDVITNDMLKDALDKDDTVRGLASEEEDFIVEAGAKGDYLVCFDPLDGSSNIDINSLVGTIFSILPAPEGELSEQSFLQAGRKQVAAGYVLYGPSTMLALTTGKGVQLFTLNPETNEYLLTTEAMSISKDTSEFAINMSNQRFWEAPMQTYIADLLLGTIGPREKAFNMRWIAAMVGDVHRVLSRGGIFIYPSDNKNPEKPYKLRLMYEANPMAFLVEQAGGKASTGYETIMDIEPSEIHQRVAVILGSANEVDACLEYHDVDYSEEPEV
1.1.1.95,K7A217,Bacteria,glaciecola_pallidula,7,experimental,34,predicted,"[5, 10)",MTKVSLPKEKIKILLLEGLHPSTLETLQANGYTNIETLKTSLTEDELIKKIKNVHFIGIRSRTQLNEKVIAAAKKLVAVGCFCIGTNQVDLKATLIRGIPVFNAPFSNTRSVAELVLGQIIILLRGIPAKNAKAHRGEWDKSAIGSYEARGKTLGIIGYGHIGTQLSILAEHLGMRVQFYDIEDKLVLGNSIQLKSLKQLLNTSDIVSLHVPETTHTQNMIGASELAEMKQGSILINASRGSVIDIDALVAALESGKLNGAAIDVFPVEPQSNNEAFESPLCAFDNVILTPHVGGSTQEAQENIGIEVAGKLAKYSDNGSTLSAVNFPEVSLPSHINRSRLLHIHENRPGVLRQINQAFADQNINIAAQYLQTIEEIGYVVVDVEADRAYDAFAQLEAIEGTIKTRLLH
2.1.1.185,Q47VA9,Bacteria,colwellia_psychrerythraea,9,experimental,32,predicted,"[5, 10)",MAKNEELVFGIHAVNALINAAPERFIEIWLLKGREDDRIMPIINLSRKYGIGTQLASRKALDEKSEGEQHQGVIARVRPGKSYTENDIDDIILAAEKKSIAPFFLILDGVTDPHNLGACLRNADAAGVQAIIVPKDNAAQITPTVRKVAVGAVESVPLVQVTNLSRTMKQLQKQGVWIVGTAGETDTCLYDVKLSGPMALVMGAEGKGMRRLTRENCDQLVKLPMAGTVSSLNVSVATGICLFEMVRQRSI
6.3.5.4,A0A099KXX8,Bacteria,colwellia_psychrerythraea,9,experimental,36,predicted,"[5, 10)",MCGITGFIHFSPANTADGSLNSSVNGSVVDQQLLSQMNQAQFHRGPDEGGEYLDEHVALGHRRLSIIDLSSGQQPMASDDGEYVLIFNGEVYNFKQTRVELEALGHIFHNHSDTEVILHAYMQWGPACVDKLQGMFTFAIWHKTQQSLFISRDRLGIKPLFYTMIDGTLYFASELKSITLIPGLSKKIDAKAIEQYFALGYAAEPHTIYQEVAKLPPGHNLTINVGDKAPKIEQYWDVSYAQQVEMAEEDYLEAMVEQFKGAVDSHMNADVPLGSFLSGGVDSSAVVAMMSQLSNDKSDDAAKKAVTTCSIGFDVKDYNETDFARMVAKDYKTDHQEQIVASDDFELVDLLAGLYDEPYADSSAMPTYRVCQLAREKVTVCLSGDGADELLAGYRRYGLMMNEEKVRSILPYAVRKPLFGTLGKLYPKLDWAPQFLRAKTTFQSLAMDTAEGYFHGVSLLNDAQRKALFSDELYQELKGYTALEVFREHQGNFDGNDPLSLIQYLDIKTYLVGDILTKVDRASMAHSLEVRVPFLDHKFVEWTAKIPTELKIKNGCGKYILKKAMEPHLPHDVLYRKKMGFRVPLSDWFRGPLKQKLRDALLSEQMKNSGLFNMKTIEKWLNDHQSGRKEYSAPLWTLLMFASFYKQAEEV
1.6.5.8,A0A099KIF5,Bacteria,colwellia_psychrerythraea,9,experimental,37,predicted,"[5, 10)",MEIILGVSMFTTIVVLLVLVILFAKSKLVSSGDVTISINGDPEKAVVTAAGGKLLGALADQGIFIPSACGGGGTCGQCRVDVHSGGGDILPTEEGHINKRQAKAGCRLACQVAVKQDMVIEVEDEIFGVQKWECEVISNDNQATFIKELVLRIPDGESVPFKAGGYIQIEAPAHHVKYSDFDIDEQYRGDWKHFGFFDVESKVEEETLRAYSMASYPEEEGIIMLNVRIATPPPGRLHLPAGKMSSYIFSLKAGDKVTISGPFGEFFAKETDNEMVFIGGGAGMAPMRSHIFDQLKRLKSKRKMSFWYGARSKREMFYEDDYNGLAAENDNFVWHVALSDPQPEDNWDGMTGFIHNVLFENYLKDHDAPEDCEYYMCGPPMMNAAVIGMLKDLGVEDENIMLDDFGG
6.3.1.2,W9CJE3,Eukarya,sclerotinia_borealis,8,experimental,39,predicted,"[5, 10)",MAVSTTVSYTANLMKYMALDQKGSAMAEYIWIDANGGTRSKSKTLTSVPEGGQFTLDDLPEWNFDGSSTNQAPGDDSDVYLRPIAIFPDPFRGAPNILVLTECWDPDGTPNKFNYRHECAKLMEAHKSHEPWFGLEQEYTLLDMSDRPYGWPTNGFPGPQGPYYCGVGTGKVFCRDIVEAHYKACLNSGVKISGTNAEVMPAQWEFQVGPCDVGDHLWLARFLLNRVAEEFGAKISFHPKPIPGDWNGAGLHSNFSSAEMRVEGGMKHIEAAIKKLEGRHKEHIAVYGEDNSMRLTGRHETGSIDSFTYGIANRGASIRIPRECGQKGYGYFEDRRPASNADPYQITGIMMETMFGGLDGTEAKK
2.2.1.6,A0A099KAQ9,Bacteria,colwellia_psychrerythraea,9,experimental,37,predicted,"[5, 10)",MTTELFTGAEMVVKSLSALKVKYIFGYPGGSVLDIYDAIFQQDEIEHILVRHEQAATHMADGYTRATGEVGVVLATSGPGATNCVTGIATAYMDSIPMVVLAGQVASTLIGNDAFQETDIVGCTRPIIKHSFNCRSLTDIPDAIAKAFYLANTGRPGPVVVELPKDVLIPQNKGPFSIDTDIKMRSYNPNVKGHTKQIKKAAQTIAKAKKLVVYSGGGIVISDSSELLTTLVETLKAPVTNTLMGLGGVPGTHDQYIGMLGMHGTLEANKTMANADVILALGVRFDDRVTNNVEKFCPNATIIHVDIDPTSISKTINAHVPVVGLVEIVMQQLIDELKEINFTPDKDALSLWWQQINLWRNVKSLSYQQDENEKIKPQRVVEAMYKITNGEAYVCSDVGQHQMFAAQHYPFAKPRQWINSGGLGTMGFGLPAAMGVKLAFPDKHVICITGDGSIQMNIQELSTCSQYNLPVVIVTLNNRSLGMVRQWQDMVYGGRHSSSYMESLPDFIKIAEAYGHVGIQIDTLDELEDKLTQAFAIKDKLVFVDVMVDEKEHVYPMHIRTGAIDEMWLSKGVKA
4.4.1.21,Q6AQW6,Bacteria,desulfotalea_psychrophila,8,experimental,37,predicted,"[5, 10)",MEKIASFTIDHTKLKRGVYVSRQDKVAGNVITTFDLRLKEPNNEPALDGAASHTIEHIGATFLRNHKTWADRTIYFGPMGCQTGFYLILAGDWKAKDIVPLMQEMFAYVAQFTGTIPGESAVECGNFRFMDLIQAKEEAGKYFTEVLDNIAEKNLSYPS
1.11.1.6,W9C5X9,Eukarya,sclerotinia_borealis,8,experimental,37,predicted,"[5, 10)",MVADDKPASTFKYNEAPVYTTSNGCPVRHPEEFQRVGTNGPLLLQDFHLIDLLAHFDRERIPERVVHAKGAGAYGEFVVTHDISDITTIDMLSQVGKKTPLVTRFSTVGGEKGSPDSARDPRGFSIKFYTEEGNWDWVYNNTPVFFLRDPTKFPLFIHTQKRNPQTNLKDATMFWDYLSTHQEAVHQVMHLFSDRGTPYSYRHMNGYSGHTHKWIKADGTFNYVQVHLKTDQGSKTFNNEEAGKMASENPDWHTQDLFDAVDKGDYPSWSVFVQVLSPEQAEKFRWNIFDLTKVWPQAEVPLRPFGKMILNKNVENYFAEIEQVAFSPSHLVPGVEPSADPVLQSRLFSYPDTHRHRLGVNYQQIPVNAPLRAFNPFHRDGAMAVNGNYGANPNYPSSYRKHTHKPVKATNDHEQWSGAALSFLSEVSPEDYVQAKGLWDVLGKQEGQQANFIGNVSGHLSAAKEDARKRAYEMFSRVDKDLGAKIEEATEKLAPAPNSKAAGSAQSRL
5.2.1.8,A0A0L0FUP8,Eukarya,sphaeroforma_arctica,5,experimental,36,predicted,"[5, 10)",MAPLFRLCLLLVALFSVTATNEEGTAWLQENSQKPGVIVLPSGLQYKVLKSGEPDALSPNITTKCDCHYSGRTIHGVEFDSSYKRGKPTTFAPNQVIKGWTLAMQLMREGDKWELYIPSELAYGERGAGSKIKKGEALIFEMEIIKVHKDGVPFTVFGYPILEPRFWPILVAMAFLLYKVFSGLFSGPMPGETVSLTDAADPSNPTVFFDMTIDGQAAGRIEMELFAKVCPKTAENFRALCTGEKGVGKQGVPLHYKGSSFHRVIPGFMCQGGDFTRGNGTGGESIYGNSFRDEWTNGVVRHSVPMVLSMANSGPNTNGSQFFLTTAVTSHLDGKHVVFGRVVKGCEVVAAIESVGSGSGATRQRVIIADSGELKTKDT
6.3.4.13,K6YUE1,Bacteria,glaciecola_pallidula,7,experimental,37,predicted,"[5, 10)",MKVLVIGGGGREHALAFKVAESKLVTDVFVAPGNAGTALESKLTNIAIAAEDNQALLDFALSEKIGLTIVGPEAPLVAGIVDLFQAHGLAIFGPTKGAAQLEGSKAFTKDFLARHKIPTSDYANFTEIEPALAYVREKGAPIVIKADGLAAGKGVIVAMTLSQAEDAIKDMLAGNVFGDAGSRVVVEEFLDGEEASFIVMVDGKNILPFATSQDHKRAYNQDQGPNTGGMGAYSPAPVVTPEIFDRVMQEIIEPTVAGMADEGNPYSGFLYAGLMIDANGTPKVIEYNCRFGDPETQPIMMRLQSDLVQLCMLACKQQLDTAQIDFDERAAVGVVLAAAGYPGAYPKDDEIHGLEDAAALPGKVFHAGTKIDGDKIVTNGGRVLCATGLGKTVTEAQQNAYALVDAIDWQGVMFRTDIAYRAIARENNEN
2.1.1.171,A0A099KPH3,Bacteria,colwellia_psychrerythraea,9,experimental,41,predicted,"[5, 10)",MNQAKKQLSKKLLSGRGQGKSAGKIRIIAGKHKGRKLPVLMAEGLRPTTDRVKETVFNWLMPYINQANCLDCFAGSGSLGFEALSRGADHVTLVELNRAAANQLLENKALLKADNMTVINDNALSFLKTDTSKSAITTCANKSFDLVFLDPPFRKQLVEQTAQLLSQHFLTEQALIYVEMEAESTQAMPENWQLIKEKISGQVIYQLYQYQG
2.7.7.7,Q482M4,Bacteria,colwellia_psychrerythraea,9,experimental,32,predicted,"[5, 10)",MTNLKTAGIQNGFLLTRQVQDKRTGLVITLWLKTDAGPVKLEVTNELAVFFVEVEHLETAKSILDDQRILLEKHQVLSLKTFTQRDVAALYFSSMRSFYRARDALKSQNIKCYEDDIRPDDRFLMERHITADIDYLGNHQLCGDYQLTKQVKCKGAAIEQQHSLTMLSIDIECSMQGELYSIGLYANNNHTVFKRVLMIGVSQPDADSYIHWQTDEKQLLQQFIREVNLFDADILIGWNVINFDFMLLQKRCDLHGIPFSIGRDRTCPYWRKNANNTDQNFIEIAGRVVLDGIDLLKTATYNFSSFSLDNVSHSLLGLGKKVADVENRVQEITDNFNHNKSALAAYNLEDCRLVWLIFEKTRLLDFAKLRAQLTGLSIDRVGGSVAAFTNLYLPKLHRSGYIAPNMGDGESGLVSPGGYVMDSKPGLYKNVLVLDFKSLYPSIIRTFKIDPMGLIEGLKAVSEQKSAHSKSEKLSDDCFDDVIRGFDGAYFSRTEHFLPDIIKSLWLERDKAKLQKDAALSQAIKIIMSSFYGVLGSTGCRFFDPRLSGSITKRSHEILKKTSVWIEKLGYQVIYGDTDSIFVSIGAEKTKTQAKQLGAELRSYINDKWQNRLKRDFDIESQLDIEFETHFTKFLMPTIRGIHTVKDQKSIGTKKRYAGVSDGELVFKGLETVRSDWTDLSKDFQQELYRLIFNDQPIEGYIKKIVDELKQGLHDEKLIYKKKIRRKLSDYVNTPPHIKAALLANQKLKELGDKPTYKHRSLIRYVITLDGVQPLEFNTSKLDYDFYVEKQLKPIADDILPFIGKDFESIAGDQMGLF
1.3.1.9,A0A099KH21,Bacteria,colwellia_psychrerythraea,9,experimental,40,predicted,"[5, 10)",MVIKPKIRGFICTNAHPVGCEAHVNEQIAYVKAQTSATSGPKNVLVIGASTGYGLASRITSTFGHDAKTLGIFFEKPPTEKKTGSAGWYNTAAFVKAADEAGIYAKNINGDAFSHEIKAKAIEAIKADMGKVDLVVYSLASPRRTDPDTGEVYSSTLKPIGQSVTTKNLNTSKRVIDEVSVEAANDAEIQGTIDVMGGADWELWMNALGEAGVLAEGVKTVAYTYIGKELTWPIYGKATIGKAKEDLDRAATAINAATADLNGQARVTSLNAVVTQASSAIPIMPLYISAMFKVMKADGTYEGCIEQIANLFKENIYSDSPRLDEEGRFRQNYKELEDSVQQRVTDIWNSVDTDTIDELTDYVAYHQEFLKLFGFDVAGVDYDADVSPEVAINNLL
3.6.4.12,W9CH13,Eukarya,sclerotinia_borealis,8,experimental,33,predicted,"[5, 10)",MVNLSEVKGNTRDNRTSSHTHIKGLGLRNDGTAEKQAGGFVGQTSAREACGVVVDLIRSQKMAGRAILLAGGPGTGKTALALAISQELGTKVPFCPIVASEIYSTEVKKTEALMENFRRAIGLKVRETKEVYEGEVTELTPEEAENPLGSYGKTISTLLIGLKSAKGQKKLRLDPSIYEAIQKERVTVGDVIYIEANTGACKRVGRSDAYATEFDLEAEEYVPIPKGEVHKKKEIVQDVTLHDLDIANARPQGGQDIMSMMGQLMKPKMTEITEKLRSEINKVVNKYIDQGVAELVPGVLFIDEVHMLDLECFTYLNRALESTISPIVILASNRGMCTIRGTEDLISAHGIPSDLLARLLIVPTNAYEADEIKRILRIRVTVEGLAITEAALDRLTEHGSRISLRYALQLLTPSSILARVSGRNQIDVMDVGECEDLFIDARRSAAIMNGEGGSGFIS
2.5.1.49,K6ZXE3,Bacteria,glaciecola_pallidula,7,experimental,36,predicted,"[5, 10)",MKPETIALHAGYTSEPTTKAAAVPIYQTTSFTFDDTQHGADLFNLAVPGNIYSRIMNPTNAVLEQRVTELEGGIGALAVASGMAAIRYAIETIAEVGSNIVSSSQLYGGTYNLFAHTFPRQGIETRFAEGDDYSKLASLIDKNTKALFCESIGNPAGNVVDIQRWAEIAHAAGVPLIVDNTVATPILCRAFDLGADIVIHSLTKYIGGHGTTIGGIIVDSGKFDWSANAERFSMLTTPDPSYHGVVYTEALGAAAYIGRCRVVPLRNTGATLSAQSAFQIMQGLETLSLRMERHCENAEKVAKYLESHSAVAWVNYAALPTSKYYQTCQRICAGKAAGIVSFGLKAGKNTGIEAGSKFIDSLQLILRLVNIGDAKSLACHPASTTHRQLDPDELAKVGVSQEMVRISVGIEHIDDIIADIEQALAASQA
2.7.7.6,A0A099KUS2,Bacteria,colwellia_psychrerythraea,9,experimental,34,predicted,"[5, 10)",MAYSYFEKKRIRKDFGKSAQVMEYPFLLSIQLDSFRKFIDIDATGETGLEAAFRSIFPIKAYSGSSELQYVSYRLGEPLFDVKECQIRGVTYSAPLRVKLRLVVYDKEAAAGTVKDIKEQEVYMGEIPLMTDNGTFVINGTERVIVSQLHRSPGVFFDHDKGKTHSSGKVLYNARVIPYRGSWLDFEFDPKDNLFVRIDRRRKLPASIILRALEYSTEDILAMFYDTTNYTIKGDKLIMDLIPERLRGETAIFDISIKKGEVLVESGRRITARHIRALSKAKLDKLEVPADYIVGRVLSKAYIDESTGEVIAEANAIITLELLAELSQAGHKVLSTLYMNEFDVGSYMSDTLRVDSSTNKLEALVEIYRMMRPGEPPTKDAAEGLFANLFFASERYDLSTVGRMKFNRRVGNADDIGTGILSQDDIISVMKTLIGIRDGKGEVDDIDHLGNRRIRSVGEMAENQFRVGLVRVERAVRERLSLGDLDAIMPQDLINAKPISAAVKEFFGSSQLSQFMDQNNPLSEVTHKRRISALGPGGLTRERAGFEVRDVHPTHYGRVCPIETPEGPNIGLINSLSCYARTNDYGFLETPYRKVIDGIVTDEIDYLSAIEEGNFVIAQANAERDSSNKLLQDLVNCRHKNEFTLKASAEVQYMDVSPQQIISVAASLIPFLEHDDANRALMGSNMQRQAVPTLRVDKPLVGTGMEKVVAVDSGVTAVAKRGGVVSYVDASRIVVKVNENEMHAGEAGIDIYNLTKYTRSNQNTCINQRPVCRMGEPVVRGDVLADGPSTDMGELALGQNMRIAFMPWNGYNFEDSMLLSERVAMEDRFTTIHIQELTCIARDTKLGSEEITADIPNVGESALSKLDEAGVVYIGAEVNGGDILVGKVTPKGETQLTPEEKLLRAIFGEKAADVKDSSLRVPNSVKGTIIDVQIFTRDGVEKDARAVEIEQMQLKEVKKDLGDELSILEDGIYARTKKLLLSAGLNESDLTSMSRDKWLTQNLSDEVQQAELEQIAEQFDNIKEDFDKKFEVKRRKITQGDDLQPGVLKIVKVYLAVKRHIQPGDKMAGRHGNKGVISNVVPVEDMPYDEHGVPVDIVLNPLGVPSRMNIGQILETHLGMAARGIGEKINRMLEAQQEIHKMRNFLQDVYNVGESRQEVDIASFSDDEVMRLAANLRAGLPVATPAFDGAAEKEIKELFKLADMPESGQFVLTDGRTGRTFERPVTVGYMYMLKLNHLVDDKMHARSTGSYSLVTQQPLGGKAQFGGQRFGEMEVWALEAYGAAYTLQEMLTVKSDDVNGRTKMYKNLVDGDHRMEPGIPESFNVLLKEIRSLGINIELDKD
4.1.2.4,Q483R4,Bacteria,colwellia_psychrerythraea,9,experimental,33,predicted,"[5, 10)",MSDIKAVAQRALSLMDLTSLTNTETDQEIIDLCRQAKSPAGETAAICIFPRFIPVAKKALKAQQTPHIKIATVTNFPQGNDDLDIALAETRAAVAYGADEVDLVFPYRALIQGNETIGFDMVKVCKQACSGNAKLKVIIETGELKSEELIRKASEIAINAGADFIKTSTGKVAINATPEAAKVMLTVIKNKNTAVGFKPAGGVRNADDAAIYLDLADNILGNEWADANHFRFGASSLLISLLDTLGHKSNTKSSSNY
3.4.11.10,Q488M4,Bacteria,colwellia_psychrerythraea,9,experimental,33,predicted,"[5, 10)",MEFSVKSGSPEKQRSACIVVGVFEPRRLSGTAEQLDEISEGYISNLLRKGDLEGKSGQMLLLHHVPNILSERVLLVGCGKERELDERQYRQIITKTINTLNETGSMEAVCFLSELHVKGRDIYWKVRQAVEAAQDGLYSFDSLKTRKAEARRPLRKVVFNVPTRRELPIGERAVSHALAIAEGITTCKNVANMPPNICNPAYLAEQAKILENDYDKVTTTIVDEKEMEELGMGSYLAVGRGSVNESLMSIIKYDGAGDDSKPLVLVGKGLTFDSGGISLKPGAGMDEMKYDMGGAAGVLGAMHALVELNLPINVIGVLAGCENMPSSNAYRPGDILTTMSGQTVEVLNTDAEGRLVLCDALTYVERFNPEAVIDVATLTGACVVALGAHATGLLSSHNPLAHELLNASEQSGDRAWRMPLWDDYQDQLESPFADFTNLGGKEAGTITAACFLSRFTKKYNWAHLDIAGTAWRSGKNKGATGRPVSMLTQFLLNRSGQEQGE
1.8.4.11,K4IX20,Bacteria,psychroflexus_torquis,5,experimental,41,predicted,"[5, 10)",MSKFNETLKTILVINPIFESKKMKSFYSLILLSILFVSCGKAQNSQTTSKLTSESFSDDTFDRAYFASGCFWCVETIYESVNGVEEVFSGYSGGNTKNPTYESSNTGRTGHAEAIEVIYDPKMVSFKTLVDVYFGSQNVTQQNGQGPDIGSQYRSIIFYKNEDQKAIIDTKIESLSKEYNKPIAAEVMAFEKFWMGEKYHQDYKINNPNNPYIRNVSVPRYTNFKVRFPELLKPKSER
2.1.1.14,K7A2H4,Bacteria,glaciecola_pallidula,7,experimental,35,predicted,"[5, 10)",MAKIHNLGFPRIGKHRELKRALEAYWNTDIEQQEFTKQITQVREQHYSAFDLLDYAQVGDFSLYDHVLDASFLFGNVPDRAKVDNTVENDVDAYFRIARGRAKQNDCCATHAGEMTKWFDTNYHYIVPEFSSSTTFMLNCESLISEIRTVRSRGFEVKPVVIGPLTYLYLGKAIDNSNKLELLEPLLKEYKLLLQTLAKQGVEWVQIDEPALVTELSDEWQFAYKYAFEYLNDSGVKLLLTTYFGDLAKNLKLACALPVAGVHIDAIRAPHEVEILAAKLNANQVLSVGIVDGRNIWRTDLNRALALLKPIAEIKGNNLWLAPACSLLHCPVDVTIEQNILAEIRPWLAFAEQKLEELEILKKALTNTPSNSVFEALQNNQNIIAARKASTLATNFSVQQALSQIQQSWLTRSDPYKVRINAQQALLNLPRFPTTTIGSFPQTAEIRKTRREFINGDITDVTYENALKAQIANCIQQQESLGLDVLVHGESERNDMVEYFAAFLNGALTTQFGWVQSYGSRCVKPPVIYGDISRASSMTIQWTQYAQSLTQKPVKGMLTGPVTILNWSFVRDDQARSLTTKQIALAVRDEVIELESIGTKIIQIDEAALREGLPLKKSEWQTYLNWAVDSFKLCSSSVASTTQIHTHMCYSQFNDILPDIQRMDADVITIETSRSNMKLLDAFTQFNYNNDIGPGVYDIHSQNIPTTEAIKALILTASEKVPAQQLWINPDCGLKTREWKEVIPALRNLVEAAKQLRVDHLSA
1.2.1.12,A0A0L0FD00,Eukarya,sphaeroforma_arctica,5,experimental,39,predicted,"[5, 10)",MVKIGINGFGRIGRLVLRAALKHSEVEVVGVNDPFIPLDYMRYMFMYDSTHGAFPGTVEIKDGKLVVDGSAITVFDKRDPADIDWASCGAEYVVESTGVFTSLEGAGKHMKGGAKKVIISAPSGDAPMFVMGVNHKEYKSDMDIVSNASCTTNCLAPLAKVIHDNYGIVDGLMTTVHSYTATQKTVDGPSMKDWRGGRGAAQNIIPSSTGAAKAVGKVIPDLNGKLTGMSMRVPTADVSVVDLTVNLKKGASLADIKKTVKAAAEGELKGVLGYTEDAVVSMDFRGDERSSIFDADACIALTDTFVKLISWYDNEWGYSHRVVDLLVHMTKQ
2.3.1.94,A0A099KHF9,Bacteria,colwellia_psychrerythraea,9,experimental,35,predicted,"[5, 10)",MQANNNFRETIMAKKQSTSTNPVTKEEDEQTFNSRLQECPIAIVGMASIFADAKNLENYWDNIFESVDAIKEVPSDRWVKDDYYSSDPKEADKTYCKRGGFLPEIDFDPMEFGLPPNILELTDIAQLLSLVVAREVLNDAGIGDGSGYDRDKVGITLGVGGGQKQISPLTSRLQGPVLEKVLKASGVEEADRAMIIEKFKKAYIGWEENSFPGMLGNVISGRIANRFDFGGTNCVVDAACAGSLAAIKLAISDLLEHRSEVMISGGVCCDNSPFMYMSFSKTPAFTTGEDIRPFDNDSKGMMIGEGIGMMAFKRLEDAERDGDKVYAVLKGIGTSSDGRFKSIYAPRPDGQAKALKRAYEDAGFEPKSCGMIEAHGTGTKAGDAAEFGGLVKHFSQDNEQKQHIALGSVKSQIGHAKAAAGAAGMIKAVLALHHKVLPATLHIDQPNTALDIENSPMYLNSETRPWMAREDGLPRRAGISSFGFGGTNYHMVLEEYSPKAQGQYRLNAVPQTVLVTATDEKALVNALMEWKNKLSVNADDQPYAFNALVVENTLTTPAIDLARCGFVAKNADEAIKMIEGALKQFQAKSGSEEWSVPTGIYYRKSGLATTGKVVALFSGQGSQYVNMGRELACNFPSVMQAAADMDSEFSQAGLGQLSPTTYPIPVFNDDARKAQDEVLRLTQHAQPAIGTLSVGLYKAFTNAGFKADFTAGHSFGELTALWAAGVLSDSDYMMLARSRGQAMAAPTGEAAIGFDAGTMIAVVGNPAEVAEDIKDIKDISIANYNSNNQVVVAGVTSQIAIALDVLKGKGYKVVPLPVSAAFHTPLVGHAQKPFSDAIDNAKFNKPLVPVYSNGTAKAHSNKAAEIKKSLKNHILESVHFNEEIDNIYADGGRVFVEFGPKNVLTKLVENILKDKEDVVAIAVNANPKKSADMQMRQAAVQMAVLGLELTEIDPYSAVKRPLSAPKMSALAMKLTGASYVSPKTKKAFDDALSDGWTIKQATSVPVAVPEPQVVEKIVEKIVEVERIVEVEKIVYLNSDGSVADGTVANGQAVNNVAANVNSADIANSIERSVSQFVDHQQQLLNVHEQYMQGPKDYAKTFDAVLSSQEAGELPESLDRTLGMYHDFQSETLRVHEQYLNNQTENMAAMLSASENSTEVTANLVKTSPTTTQAPTGKSAVTQAPVVKPTTPVAPTTQPLPAAVSSPVVNAPVVNTSVPTQTVATAVAMSPVAEASITVPVQEPSIELETLDLQKIQTVMMEVVAEKTGYPTEMLELEMDMEADLGIDSIKRVEILGSVQEIIADLPELNPEDLAELRTLGEIVSYMKGKMKSKAQAAAPSASANDSAPALHLVETSAVTAPAIDLTHIQNVMMEVVAEKTGYPTEMLELEMDMEADLGIDSIKRVEILGSVQEIINDLPELNPEDLAELRTLGEIVSYMQSKVSAAPVAAVDSTPATVQTNASSAPAIDLVPVSLSKVQNVMMEVVAEKTGYPTEMLDLEMDMEADLGIDSIKRVEILGAVQETIPDLPELNPEDLAELRTLGEIVTYMQSKVTAAPVALQASAPSVLSNETQNSAPAIDLVPVSLSKVQNVMMEVVAEKTGYPTEMLELEMDMEADLGIDSIKRVEILGAVQETIPDLPELNPEDLAELRTLGEIVTYMQSKVSAAPVSAEASATANENSVSIDLDYIQSVMMTVVAEKTGYPTEMLELAMDMEADLGIDSIKRVEILGAVQETIPDLPELNPEDLAELRTLGEIVSYMQSKVSAAPVVVVDSAPSASANESVQTSVSSAPAIDLDYIQSVMMTVVAEKTGYPTEMLELAMDMEADLGIDSIKRVEILGAVQETIPDLPELNPEDLAELRTLGEIVSYMQSKVAPVADITVTVETSTLANDNAPAIDLDYIQKVMMEVVADKTGYPVEMLELAMDMEADLGIDSIKRVEILGAVQETIPDLPELNPEDLAELRTLGEIVSYMQSKVSPTDPTDPKGTGAKADVSAIDTDNSVEAAVNFQGAPSATVELTALSSVNKIVQDVTGEGKQSGANALVVDDGSGAAVALSAQLIKAGWQVTAIKPNWVVSQSKKAFAKAVNLVEIGTDDKTLDEAQVKDIIEKTAQLDAVIYLQAANTIDAIEYPEAAKQGLMLAFVLAKLSNVKNASKARASFVVVTRQGGTLGFANGDVDSGTQQVKANVKADLVQAGLAGLVKTINHEWNSSQNNGEGSVFCRIVDLSSKLAADKAATIINDELLDLDGSIVEVAHDTDNLSNNIGTRLTLSGVVTDSYALAPSVKGSSTAINSDSVFLVSGGAKGVTAHCVIEIAKQYQAKFILLGRSSFDANEPSWAQGISDEVALKKAAMQALIASGEKPTPVKVTQFVRPVLANREIAQTLTAIKAAGGQAHYAAADVTNSESVIAAVQPISKTLGQVSGIIHGAGVLADKFIEQKTLEEFNAVYTTKIDGLLSLLAATNAENIKHLVLFSSAAGFYGNPGQSDYSIANDILNKTAYRFKAFNPSTQVLSFNWGPWDGGMVTPELKRMFNDRGVYIIPLDAGAKLLVSELAADTNRCAQILVGNDLSKDKSKDTAKDASVKKPQVSRLTTRVNKTLLATNNTFLADHTIGDDKVFPTVCAIAWMSDAAMVAYPAFHYQGLANYKLFKGIIFDGSEATDYVIDMIAQVEGESLVVDTKISSTNEQGKPVFHYGAQLTLVAKAQKEEAPTVELILPETSPEILSETVTASSENADALYTNGTLFHGESLQGIKAILECNEQGLLLRCQVPEVASLKQGEFPISPVNSANEHANIFANDIAYQAMLVWVKKQLGLGSLPSSTDSWTVYRDVSFGENFTLKLTVVKSSGKGKQRGSLVADIEMIDENNRLLSEIKSAKVTASANLNDLFLPKEKHGASA
6.1.1.17,K6ZJA9,Bacteria,glaciecola_pallidula,7,experimental,36,predicted,"[5, 10)",MTVVTRFAPSPTGYLHVGGARTALYSWLYAKSKGGEFVLRIEDTDLERSTDEAKQAILDGMDWLGLYHDKGPYYQTERFDRYNQIIDELLDKELAYKCFMSIAELDAIREEQEKNGEKPRYPGTWRNRTEHPEGQPFVIRFKNPLEGDVVINDHIRGEIRISNTELDDLIIKRTDGAPTYNFCVVVDDWDMGITHVVRGEDHINNTPRQINILNALGAPVPEYAHVSMILGDDGKKLSKRHGAVSVMQYRDDGYLPKAVLNYLVRLGWSYGDQEIFSIDEMIEHFSLDSISKSASAFNTEKLNWLNEHYIKTLPPAEVAPYAKWHFDQQGIDCSNGPSLESVIEIQAERVTTLKELAAISTYFYTSFEDFDEKAAKKHLRVVAREPLQAVKEALLAVEDWSPENIKAAIDATAEKLDVGMGKIGMPLRVAATGSGNSPALDVTLNLMNKEEVAQRIDKALIYITNRENS
1.4.1.1,K6ZG60,Bacteria,glaciecola_pallidula,7,experimental,36,predicted,"[5, 10)",MIVGVPKEIKNHEYRVGLTPAAVQEFVKCGHEVLVQTNAGASIGFTDELYTNAGAIIIATPEEIFAKADMIVKVKEPQANECKMLRQGQTLYTYLHLAPDPVQTQLLVESGATCIAYETVTDHRGTLPLLAPMSEVAGRMSIQAGAHYLEKASGGSGTLLGGVPGVAPGKVLIIGGGVVGLNAAKMAMGLGADVTILDRSLNRLRELDDIFEGRLATVFSTSEAIDYHSSRADLVIGAVLVPGAAAPKLLNREHIKNMKPGSVVVDVAIDQGGCFETSKATTHQDPVYIIDDVVHYCVANMPGGVARTSTMALNNATLSFGLALANKGPKQAMLDDQHLLNGLNVHNGIVTYKAVADALGEKLGLIYLPAAEALNS
1.4.7.1,A0A099KB97,Bacteria,colwellia_psychrerythraea,9,experimental,32,predicted,"[5, 10)",MNDMSKKSQGLYRAEFEHDSCGIGFVANLKGKKTHNIIENALTMLSCMEHRGGTGFDVKSGDGAGILIQIPHDFLSQETAKLGFSLPEAGSYGVGMIFFPRDKEQSEACRDILNKNITELGLTLLGYREVPGDNSMLGAASFDSEPNIEQVFIAKPEGLTAQEFERKLFVLRKYTSHKINATIAKERDEFYVTSMSSTKIVYKGQFTTEQVRQYYLDLQDERTISGMAMFHSRFSTNTFPAWRRAQPFRYIAHNGEINTVRGNINWMNAREALFSSVNFSDAELKMLNPICNNDNSDSANLDMAIELLVLSGRSLAQVMMMMVPEAWQTQTDMDATKHAFYEYYACIMEPWDGPASLSFTDGNVIGATLDRNGLRPSRYLLTDDGTLVMGSETGTLCVDQSTVVEKGRLQPGKIFIADLKQGRIISDDEVKQQVSSAQPYGKWLSDNKIELEQLPVPTASIAQPPLAELRKIQKAFGYTSEDLNLVLAGMVGTSKEPLGAMGTDTPLAVLSDRPQQLSHYFKQLFAQVTNPPIDPIREELVMSLRGYIGKSLNLLEETAAHCHKVEIDQPVLTNEQLRKLQHIDNDHLQSKTIAITFKASGEAGALKKALERVCFNAKNAVEDGYSILILSDREVDSDHVAIPSVLATAAVHHYLIREKLRSYADIILESADVRETHHFATVIGYGAAAVNPYLALESMYGLRDEGVLDSNLTDDQITDKYTKAVGSGLLKTFSKMGISTLQSYLGAQVFEALGINSDVIEQYFTGTVSRIEGLSLDQIAQEALLRHREGFPEASRIAVENLLPTGGEYSWRNDGERHLFSPTVIRLLQHSTASNDTNQFKQYAKTVDDQSKEAFTLRGLLEISSDRPSIPLSDVEPIENIFKRFASGAMSFGSISWEAHTTLAIAMNRIGGKSNSGEGGEDPIRYTPLENGDSMNSRIKQVASGRFGVTSHYLANADELQIKMAQGAKPGEGGQLPGDKVDAWIGKTRGSTPGVGLISPPPHHDIYSIEDLSQLIFDLKNANRDARVNVKLVSEAGVGTIASGVSKAYADVVLIAGHDGGTGASPLSSIKHTGLPWELGLAETHQTLVRNKLRSRITVQTDGQLKTPRDLAIATLLGAEEYGMATTALVVEGCIMMRKCHLNTCPVGIATQDKELRDRFTGRADILVNFFTMMAEGLREIMAELGFSSIEEMVGQTQCLKQRGDVDHWKYNGVDLTPLLHKEECDENETLHQSISQKHLIDDIIDRQMIKDAQAALDSQQSVSLEYDVINTDRTIGAMISNEISKKYQDKGLPENTIKVKFNGSAGQSFGCFSAKGLHFELEGDANDYFGKGLSGANLVVYPSKEATFTPSENILIGNVAFFGATSGSAFIRGIAGERFCVRNSGATAVVEGVGDHGCEYMTGGKAVILGATGRNFAAGMSGGVAYVLDDNKDFAPKCNMEMVSLETVDCDAESLELKALIAEHLAATGSDVANDLLNDWDTNVKRFVKVMPIDYKRMQGYMNDVRTSGKFESEYDIAVQAFDIHLNKLASAKA
1.1.99.1,Q47X03,Bacteria,colwellia_psychrerythraea,9,experimental,32,predicted,"[5, 10)",MKTHLYDYIIVGAGSAGCVLANRLSEDGNSNVLLLETGGSDKSIFIQMPTALSIPMNSSKYAWQFETEPEPFIDNRRMHCPRGKVLGGSSSINGMVYVRGHARDFDEWQQYGADNWDYAHCLPYFKKAETWAFGGDEYRGNDGPLGVNNGNKMANPLYKAFVNAGVDAGYFSTDDYNGSQQEGFGAMHMTVKDGVRCSTANAYLRPAMTRKNLTVITHALVHKVLLENKTAVGIRYERKGQVLDVKVNKEVILSAGSIGSPHLLQLSGIGAKNVLTEAGIETLHDLPGVGQNLQDHLEFYFQFKCNQPISLNGKLGLWNKFLIGTRWILNKDGLGATNHFESCGFIRSKANVEWPDLQYHFLPAAMRYDGKEAFAGDGFQVHVGHNKPKSRGSVNVASNDPKAPPKISFNYLEHEEDRAGFRACVRLTREIIHQPALDEYRGEEIQPGAHIQTDEEIDAFVRSAVESAYHPSCSCKMGVDDLAVVDPQTRVRGIKGLRVVDSSIFPTIPNGNLNAPTIMVAERAADLIRGLDTLAPSNEKVDITPNWQQQQRPREATRNIK
1.11.1.15,A0A099KSS5,Bacteria,colwellia_psychrerythraea,9,experimental,34,predicted,"[5, 10)",MSVLVGRQAPDFTAAAVLGSGEIVDSFTLSEAIKGKKAVVFFYPLDFTFVCPSELLAFDHRMEEFKSRGVEVIGVSIDSQFSHNAWRNTPVNDGGIGPVQYTLVADTKHEICQAYDVEHPEAGVAFRGSFLIDEEGNVRHQVINDLPLGRDVDEMLRMVDALQFHQDHGEVCPAGWNKGDKGMTASPEGVASYLTDNADKL
3.2.1.52,K4IK91,Bacteria,psychroflexus_torquis,5,experimental,34,predicted,"[5, 10)",MSLQINFKVIIMMAFLSCYSLFSQSSLFAEDLIAQRQWVDSIYSNLSLEEKIGQLFMIDVFTSKSDTELESLESLIKSNHIGGVIFSKGNPYRQAQLTNKIQTENKIPLLIGMDAEWGLAMRLDSTYAFPWNMTLGAIQDTSIVRKVGQQIGKHSKRLGVHINFAPVADINTNPNNPIIGNRSFGETKDIVISHSLALMQGMHEAGILSSAKHFPGHGDTEQDSHKTLPSINFSEKRIRDIELKPFQALIDEGVSSVMVAHLNIPSLESQKNLPSSLSPKIVSDLLKGELGFNGLIITDALNMKGVSNSSSTLGEVDLEAFKAGSDILLIPEDVPKSISIIKEAILKGEITNKRLAASVKKILYAKYKVGLHSFKPIETAQLTAELNSEENDAIYQEAIQNATTVIKNDLGILPINDIEQQTFAYVALGDASGDEFFETMNQYARVDKIDVTKNKIDLNQFSDYDQIIIGFHKSDANPWADYKFSPFEIELIKSISQDYKTILVNFTRPYSLLQLKNYINIDAIVQAYQNSIIAQQVVGQQLFGGIDFKGKLPVSITSAFPVGTGYKLKSNGRLGYDHPQNQGFNSELVSKIDSLAAYTLEQEMTPGMQILIARKGKVVYNKNFGYHTYDKEIKVQEDDVYDLASLTKILATLPILMTLEESNKIDLKSKLYELLPELAASNKADMSVLEMLSHYAKLQAWIPFYKKTLEDKSKYYATEFSKKFSVKVAQNMYLRTDYQDSIYARIVESDLRDSLEYKYSDLPYYFLKKYIEKQSDSSLDKIAENYFYKPMRLSHLKFYPLNYFEKNKIVPTEFDTEWRNELIHGRVHDQGAAMLGGVGGHAGLFGNATDVAKFMQLYLNEGSYGGKRFFNAETMNKFNTCYYCEKDVRRGVGFDKPQLDEIGPTCGCLSMSSFGHSGFTGTYAWADPEEEIIYVFLSNRIHPVSSNTKLIDEDIRTKIQGIIYESLSKLN
4.2.1.11,K6YAS3,Bacteria,glaciecola_pallidula,7,experimental,34,predicted,"[5, 10)",MANISRIVGREILDSRGNPTVEADVYLDCGAMGRACAPSGASTGSREALELRDGDKARYLGKGVLKAVAAINDNIAPALLGKDAAAQATVDQLMIDLDGTENKEVLGANAILAVSLAVAKAEAISQKLPLYAHIANLNGTPGVYSMPVPMMNIINGGEHADNNVDIQEFMVQPIGAPSFAEALRTGAEIFHSLKKVLSAKGLSTAVGDEGGFAPNLTSNAEALSVIVEAVENAGYKMGVDVTLALDCAASEFYKDGQYVLSGEGKSFDSNGFSDYLANLAAEYPILSIEDGLDESDWDGWAYQTKILGHKIQLVGDDLFVTNTKILSRGIENGVANSILIKFNQIGSLTETLNAIRMAKDAGFTAVISHRSGETEDATIADLAVGTAAGQIKTGSLCRSDRVAKYNQLLRIEAELAEQGTPAPYNGRSEIKGQ
5.99.1.2,A0A099KCF0,Bacteria,colwellia_psychrerythraea,9,experimental,35,predicted,"[5, 10)",MAKSLVIVESPAKAKTINKYLGKDFIVKSSVGHVRDLPHSSTGKKVAAKSPAEVRKMAPEAKAKYKAKRDKQALVNRMGIDPDKNWAANYQILPGKEKVVAELKKLADKADIVYLATDLDREGEAIAWHLKEIIGGEDEKFRRVVFNEITETSIQQAFSTPGELSMPGVNAQQARRFLDRVVGFMVSPLLWKKVARGLSAGRVQSVAVKLVVEKEREIKAFDPQEFWEISVDTHASTGELLTLDVTHENGKTFKPTDEKQTNAALAILKPADYTVSKREDRPSKSTPSAPFITSTLQQAASTKLGYGVKRTMGLAQRLYEAGHITYMRTDSTNLSKDAVEMCRNYISDSFGDNYLPENAKTYGSKAGAQEAHEAIRPSNVKLEAAFLEGIEADAKKLYELIWRQFVACQMTAARYTVSTLTISAASFDLKAKGRVMQFDGWTRVHPQLSKGDDKHLPDLQVGESLTLDKIDPSQHFTKPPARFGEASLVKELEKRSIGRPSTYASIISTIQDRGYVRLDKKRFYAEKMGEIVTNSLSGSFEKLMSYEFTSNMEQELDEIAGGSADWKSVLDEFYKNFTKQLSKADQPSEDGGMQNNEPVLTDIDCPTCNRKMGIRTAQTGVFLGCSGYALPPKERCTTTMNLTAGEEAVSILAEDAETEALMAMHRCNKCGTAMDSYLIDETRKLHVCGNNPVCDGIEVEKGEFKIKGYDGPILECDRCESPMELKSGRFGKYFDCTNEECKNTRKLLASGEAAPPKEDPVQLPELECEKSEAHFVLRDGAAGIFLAAHTFPRSRETRAPKVAELQRFRDRISEKFYYLADAPAEDNEGNLSVVRYSRKTKEQYVMTEIATEDGKPKATGWTAKYIDGKWVEDIPKKKVAKKKVAKKTTTKKSAAKKKTKTSTE
2.3.1.225,A0A0L0G1I8,Eukarya,sphaeroforma_arctica,5,experimental,35,predicted,"[5, 10)",MRLRDMYSDFRRDGWFIRDCCGIFTALLTHVFIWFAVVVVCTRVIIPMYSESTLLMLCVLLPYLCLACLAGFSHIMCMLSDPGSIKKFTAASDGPEFELDEFGNRNSLCTKCRLMKPHQAHHCSTCNRCIEKMDHHCPWMNNCIGRRNMKHFLLFLLYIFLISMASIGLILLRFFDCKDSGFRDECGQASDLGYLGGVCFEGLLFGLFTCGMMIDVLTSLGSNTSTIDRMNNRFGAKRTCRDGIEDACGGALSWSWLWPFAPSYPKRSSGGNAVQTLEMLPGDSDSRAVEVRSISPRHYNSAGDSRDNQMDTQQLLLNDDERIDAIA
6.2.1.3,A0A099KK53,Bacteria,colwellia_psychrerythraea,9,experimental,36,predicted,"[5, 10)",MTKPWFTNYPENVAHTVDLSRYSSLTDLLQQTTAKYQKNTAYSNFGAELTFEQVDELSRDFAAYLQNKLNVVKNDRVALMCPNTLCFPIAMWGIVRVGGVQVNVNPMYTPRELEHQLNDAQVDTIIIFSPSTEMLAEIIDNTGIKHIITVDLDDLINKGLPCAEVDKRLANTISFTEALEQGKNLGLNEPALCQDDLLFLQYTGGTTGLSKGAMLSHGNLIANILQYKEFAKAHIDYGNDVVITAIPMYHIFALMANTLSYFSFGAKNVLVTNPRDMPSFVEVWKNTPATMFTGVNTLFNGLLHTPGFDEVDFSSLKLCIGGGAAVQQAVADKWRQVTGVKLQEGYGLSETSPILTLNFGSTDHPDDVPGIGVPVPNTDISIRDELGKSVAQGQSGELCAKGPQVMSGYWNNVAATTECMTHDGYFKTGDVAMLDEHGFFHIVDRIKDMINVSGFNVYPNEIEAEVAKMPGILESACIGVDDEKTGEAVKLFIVTDKSSADANITENDVINFCRQGLTAYKAPKHVVFIDEIPKSSVGKLLRRELR
5.3.4.1,W9CTU1,Eukarya,sclerotinia_borealis,8,experimental,38,predicted,"[5, 10)",MRTFNCVALALAGAAIASASDVVSLTKDTFPDFVKEHDLALLEFFAPWCGHCKSLAPEYEEAATTLKEKKIGLAKIDCTEEADLCQSFGVEGYPTLKVFRGAENVSPYSGARKAPAIVSYMTKQSLPAVSTLTKDTLEDFKTADKVVLVAYFDAEDKTSNVTFSTVAEKLRDDYLFGASNDAALAKAEGVSFPSVVLYKSFDEGKAILPDAFDVEVIEKFAKTASIPLIGEVGPETYAGYMATGIPLAYIFAESPEERTTLAEALKPVAEKHRGAISFAVIDAKSFGAHASNLNLEADVFPAFAIQDTVNNKKYPFDQKTEITEASISKFVQQYIDGKVEPSIKSEPIPEKQEGPVQIIVAHNYDAIVLDDTKDVLVEFYAPWCGHCKALAPKYDILAGLYADAGHNDKVTIAKVDATLNDVPDEVQGFPTIRLYKAGDKKNPVTYSGNRSIEDLIKFVEENGQHEIAVTYEESAAASPEAEKPIAESLAKQAEAATESVKSAAGEVKETVSSKVAEATEAAAATDDHDEL
4.2.1.49,A9D4Z2,Bacteria,shewanella_benthica,5,experimental,34,predicted,"[5, 10)",MDKRHDPSRRIIAPHGSKLSCKSWMTEAPMRMLMNNLHPDVAERPEDLVVYGGIGRAARDWQCYDKIIEVLQRLEDDETLMVQSGKPVGVFKTHSNAPRVIIANSNLVPHWANWEHFNELDKKGLAMYGQMTAGSWIYIGSQGIIQGTYETFVAMAKQHFGGSSAGKWILTGGLGGMGGAQPLAGTMAGYSVLICEVDETRIDFRMRTKYVDKKATSLDEALAMIDAANASGKPVSVGLLANAADVFAELVERGVTPDVVTDQTSAHDPLNGYLPQGWTLEHAADMRNKDEAAVVKAAKQSMAVQVRAMLALQAAGAATTDYGNNIRQMAFEEGVENAFDFPGFVPAYVRPLFCEGIGPFRWVALSGDPEDIYKTDAKVKELIPDNPQLHNWLDMARERIAFQGLPARICWVGLKDRARLALAFNEMVKSGELSAPIVIGRDHLDSGSVASPNRETESMLDGSDAVSDWPLMNALLNTASGATWVSLHHGGGVGMGFSQHSGVVIVADGSDDAAVRLERVLWNDPATGVMRHADAGYDLAKNCAKEQGLDLPMLDTRSKKTAEEGK
1.1.1.22,A0A099KEM1,Bacteria,colwellia_psychrerythraea,9,experimental,34,predicted,"[5, 10)",MSFKTISVVGLGYIGLPTAAMFASRKIKVIGVDINQHAVDTINRGEIHIVEPELDMLVHAAVTEGYLKATTIPEEADAFLIAVPTPFKPCATDDIPEPNLAYIESAAIAIAPILKKGDLVILESTSPVGATEQMAEWLAEARSDLSFPQQVGEVADVNVAHCPERVLPGHVVRELVENDRVIGGMTAKCSERAIELYKTFVEGDCVTTNARTAEMAKLTENSCRDVQIAFANELSIICDKLDIDVWELISLANRHPRINILQPGPGVGGHCIAVDPWFIISKTPEQAQLIHTARKVNDYKPEWVINKVKVAISDFLQANPHKTVKEVTVACYGLAFKPNIDDLRESPAFNIYNEIVEFHSGGVIAVEPNIEFLQKENLQLVTLDNALITADLHVLLVDHKEFYIKKPSSNFVIDCKGIWL
2.2.1.6,A0A099KAH3,Bacteria,colwellia_psychrerythraea,9,experimental,34,predicted,"[5, 10)",MSENNKIKASDLFVQALAAEGVDHIFAVPGEENLDMVESLRNSSIKLVLTRHEQGAGFMAATYGRLTGKTGVCMATLGPGATNLSTPAAYAHLGGMPLLMITGQKPIKKSKQGQFQIIDVVGLFDPICKLSKQIVHGDTIPSLVREAFRLSEEERPGAVLLELPEDIAAEDCTEHVMKPHKRYYASPSEVSIKEAVTLIKTAKMPLILIGAGANRQNVRAAMCDFVHSTRIPFFVTQMGKGVVDERSNLFLGTAALSAGDYLHCAIERADLIINIGHDVIEKPPFFMEEGGKKVIHVNYKSAQVDQVYFPQLEVIGDLAASVETLKEKLGGEVKFDRSYFDMIKHAIDVHIEEGANDARFPIIPQRFVADIRKVMGDKDIIALDNGIYKIWFARNYKAYQPNTVLLDNALATMGAGLPSAMMAAMLNPSQRVMAICGDGGFMMNSQEIETAIRLGLNLVVTILNDSSYGMIRWKQASAGFEDWGLEFNNPDFVKYAESYGATGHRVTCAEDIIPTYEKAFSTGGVHLVELPVDYSENQKVLIDELAQKVCLI
1.3.98.3,K6YZP7,Bacteria,glaciecola_pallidula,7,experimental,34,predicted,"[5, 10)",MADLEYFDKKVLNKYNTAGPRYTSYPTALSFHDEFTDADFEFQIKQKSNSKSAQHLSLYLHIPFCHSLCYYCGCNKIVTRHEDKADKYLEFLFKEISHRGAQFTNYKVSQLHLGGGTPSFLDKQQLARLMAHLQHNFRFNADVEASIEIDPREIKLSYIDDLADVGFNRLSIGVQDTNRQVQEKINRVQSTEFITALVTRAKEFGFASINLDLIYGLPMQTFDTFLTTLQKVIEIDPDRISLFSYAHMPQQFPAQRKIKDEWLPNAHAKFDLLRLGIEFLTKAGYVFIGMDHFAKPNDELSKALKAGHLHRNFQGYTPKQHNALLGLGVSSISSIENMYAQNSKDLKTYYEAIENKQSALVKGLVLNVDDEARRAVIHSLMCNFQLSKKEISEQFGINFDDYFAKSIADLSGFELDGLVSMNDTHIRIADRGRLLVRNICMSFDQHLSQPTHNMRYSRVI
3.4.13.9,A0A099L4E7,Bacteria,colwellia_psychrerythraea,9,experimental,37,predicted,"[5, 10)",MTTLNAKLASQYPAHIAQLQQMTKAVLARENLEGLVIHSGQEIKIFLDDNSYPFKVNPHFKYWLPLIDIPNSWLVVNGEDKPTLIYYQPVDFWHKITPLAASYWGEFFDIQILTKASEVDKLLPYDKKGFAYIGSHIEVATALGFDAINPEPLLNYVHYHRGYKSKYEHECLRQSNVLAVKAHQAARNAFLQGDSEYDIQQAYLKSIGYSTNDTPYGNIVALNENCSILHYMTLDKLAPQVHQSFLIDAGANFNGYSADITRTYSYKNDKFSELIARMDELMLNAVAGLKPGLSYVDLHIETHRAIGQVLHDFNFINVDADTAVESGIISTFFPHGLGHHLGLQVHDVGGFMADERGTHVNTPASHPFLRTSRTIEANQVFTIEPGLYFIDSLLADLKSSSNADQVNWQNVDEMRCFGGIRIEDNIIVHQSHNENMTRDLGLN
1.8.1.9,K6ZHF1,Bacteria,glaciecola_pallidula,7,experimental,34,predicted,"[5, 10)",MAQTRHVPLLILGSGPAGYSAAVYAARANLKPVLLTGIEQGGQLTTTTDVENWPGDPEGLTGPDLMVRMQKHAEKFDTEIIIDHIHTTDLSKRPFTLAGDQSVYTCDALIISTGASAKYLGLPSETEFMGKGVSACATCDGFFYKNQKVAVVGGGNTAVEEALYLSNIASEVHVVHRRESFRSEKILVDRLMEKVKNGNVILHLNKELDEILGDNMGVTGINIKDTQSSDISKIDVMGVFIAIGHSPNTSIFDGQLEMKDGYIKVKSGLEGNATQTSVEGVFAAGDVSDHVYRQAITSAGTGCMAALDAEKFLDAQ
3.5.4.26,A0A099KF70,Bacteria,colwellia_psychrerythraea,9,experimental,34,predicted,"[5, 10)",MTIHGTTNKSALAKNDFTEQDHKFMSRAISLAKKGHCTTTPNPRVGCVLVSYKEGNGHVIGEGYHQKAGQGHAEVNALAQAKANNLTLLKGATAYVTLEPCSHFGRTPPCAQALIDAGVSQVIAAMVDPNPKVSGNGLAILEKAGITVKSGLLEQSARQLNVGFIHQMVNKLPYVRCKLAASLDGKTAMASGESKWITSADARQDVQRLRAQSCAIIAGANSVLFDNAKMTVRWSELGELKNNYPQETLRQPLRIVIDSQNRLTPDLALFEHESPILLVNGIAQDHVENKVESDLENLPKWPHFVEQVQLPMVKNAQGKLKINLKALLEYLAKQGLNDILVESGAQLSGAFIEQNLVNELILYQAPKLMGGDGKSLVEMPSISKLKQAKALTISDIRMVGGDIRITSQLTQH
6.3.4.4,Q6AN65,Bacteria,desulfotalea_psychrophila,8,experimental,35,predicted,"[5, 10)",MSSVVVVGAQWGDEGKGKIVDLLTKYSDYIVRFQGGNNAGHTLVVDGKKFVFHIIPSGILYEEKTCMIGNGVILDPGVLLEEMASLKERGLEVKPNRLMISDNAHLIMPYHSQLDQAKESALSASNKIGTTGRGIGPCYMDKVGRVGIKAGDLLDEDLFREKLRCAIEEKNFILTKKFGAPAVDFDSVYRQFMDFAEQLSPYFGNVSVTLDEARRADKNILFEGAQGTQLDIDHGTYPFVTSSNTVAGNACAGSGFGPSHIDAVVGIVKAYTTRVGSGPFPTELFDEKGEELQNKGSEFGATTGRRRRCGWFDGVVANDAVRLNGLTGWALTKLDVLSGQKSIKMASSYDLNGKKLHAMPNNIKDAEALKPVYEEVPGWADEVDGICNYDDLPTEAKDYVRRIEDFTGVPANIVSVGPDRAQTMMLSNPFETKKCCK
2.7.2.8,A0A099KIC2,Bacteria,colwellia_psychrerythraea,9,experimental,37,predicted,"[5, 10)",MSHSAVKPSVKPLVIKIGGAILEKEPALSALLCVIAKLENKQVVLVHGGGCVVDEMLAQAGFTTEKKHGLRVTPKEQVALISGALAGTVNKAIVATANSIDLAAVGLSLNDGDMISCTLSTQDLGQVGVPHTNSSKLLDVLLTSKFLPVISSIGALDNGDLVNVNADDAAVAICQLLNAELLLLTDVNGVKGADGKYLSSLNEEQAQQLIKQGVIAGGMTAKVNAALHAAQQLRRSIAVASWQSPEQISQLLDGNGIGTQIQPN
1.4.1.9,A0A099L438,Bacteria,colwellia_psychrerythraea,9,experimental,37,predicted,"[5, 10)",MALFDLPDFDNHEQIVFCTDKASGLKAIIAIHSTKLGAAVGGCRMWDYASDEDAIVDVLRLSKGMTYKNALAGLSMGGGKSVIIGDAKTLKSEALFKAFGEALNNLNGRYLSAEDVNITTGDIAIANSVTPFVTGTEGKSGNPAPFTALGTFLGIKASVKHKLNRDDLTGLKVAVQGLGSVGFQLCEYLHNAGAELVITDINQVALDTAATQFNAKVVGLDEIYDQDVDIYAPCALGATINDDTLSRLKATIIAGCANNQLAEPRHDQALVDQGILYAPDYVINAGGIINVSFESDYDAEKSTKKVEEIYNTLLDIYNKADSQNRPTGIIADEMAREIIKNGGK
2.8.1.8,K6ZHD0,Bacteria,glaciecola_pallidula,7,experimental,34,predicted,"[5, 10)",MNNPRPVAGVKLRDDDKVRHIPITIVPTEKEQVLRKPSWIKIKLPRTTDRIDHIKATLRKNNLHSVCEEASCPNLAECFNNGTATFMILGDVCTRRCPFCDVAHGKPLPPSAEEPIKLAKTIAEMGLNYVVITSVDRDDLRDGGAQHFVDCINAIREHSPRTRIEVLVPDFRGRMDRALDIFKSGVPDVFNHNLETVPRLYRECRPGANYQWSLDLLRKFKEQHPTIPTKSGLMMGLGEESDEMKKVLDDLRTHNVNMLTLGQYLQPSKHHFPVKRYVPPAEFDALGAYADSIGFAHAECGPMVRSSYHADRQAAGVEVK
3.5.4.33,Q6ANA6,Bacteria,desulfotalea_psychrophila,8,experimental,39,predicted,"[5, 10)",MEDREIEARDALWMGYALDEAARAGANGEVPVGAVLVQDGELIATGLNGMITHNDPSAHAEIVALRQAGQVLNNYRFPEATLYVTLEPCIMCMGAIIQARIKRLVFAAFDTKTGAAGSLYDIGRDGALNHRVEIMGGVLAETSAALLKAFFRDRRKKRKNGGLDKG
4.1.1.50,Q488Y4,Bacteria,colwellia_psychrerythraea,9,experimental,36,predicted,"[5, 10)",MNTDNKIPLYGFNNLTKSLSFSLYRVYYLPSIQSVESYNTYINRTYNSALLEVLLTKVCHAIGGNVLNIASQDYTPQGASVTLMISEEAKPESLVAHLDKSHLCIHTYPEETAQSGIAIFRADIELSTCGIISPLKVLDYVIEAFSADVIDIDYRIRGMTRDQYGKKHFNDHEISQISEHLTTDTLAKYQVKDSVMTTHNLFHCKLARQSIELRQHIFNLDSNLGEHQLSAQDEIQIKTQLAIELDELFIGK
6.1.1.20,Q6ANC2,Bacteria,desulfotalea_psychrophila,8,experimental,32,predicted,"[5, 10)",MKFTLNWLQKYVDTTGLTPTEIADKLTMLGLEVDSVAPIFEELAALKTGLVISCEKHPDADKLSLCQVQVGDDTHQIVCGAPNVREGLAVTVALPGAVLPGNFKIKKSKVRGIASAGMLCSERELGIGEDHDGIMELPEGMAHGQRFIDAMELSDTFIEVDLTPNRPDCASVIGTAREIAGKIGRPLQIPVKDRQIEAESRDFSVEVESSELCPRYTAKLIKNVTVGKSPWWLRKLLVSVGMRPINNIVDITNFVMLEYGQPLHAFDFKKVAGNKIVVRLPRENETEITTLDGTKREISAEMLLICDADKPIAVAGVMGGANSEIDAESTDILLESACFNPVSVRKTARNLKLPSEASYRFERGVDPGGVVNALDRAAELIAEIAGGALCSEGIDNYDGKKAVEVQRFSISRTSSLIGVEFSGEELTAMLTSIEMVVEKDPENEDILLVTAPTFRIDIEREADLVEEIARIYGYDNVPTATPLVALSYPEQDDDRLKRYPLALKLTRIGFNEAINYSFVTAQHADMLQLSEQDYRRKVVTLLNPLSEEQAVMRACLLPSLLENVKRNISFQKTAVKLFEIGKIFLAQGEDVQPIERQCITGVLSGNKFGESSSLYFKSANVDIFDAKGTVEFILSEMGLTDLANNEKIEFTVPPEGAREPFSTQDYALTIHLGPNVLGTIGKVEEEVLKSFGIKHEVYYFDLNFDALCALSPQTKAFSSLPVYPAVKRDIALVVPASISAGELLATVRSSRDKLMEYAEIFDVFEGGKIQKGYKSVAVSITYRSQTKTLTEKNVEKSHSKIVSLLTDRFGGSFRDA
2.7.1.107,A0A099K788,Bacteria,colwellia_psychrerythraea,9,experimental,35,predicted,"[5, 10)",MNYQSKPTGLKRVYLATGHSLRALKWLIKNEAAFKQETVLSVVLFIITFFLNISLTEQISLWLTLIFVLFAEVVNTAIEAVVDRVGLEHHPLSGLAKDLGSLAVMLSLIAAMLIWLKILVL
6.2.1.26,A0A099L016,Bacteria,colwellia_psychrerythraea,9,experimental,35,predicted,"[5, 10)",MTAINIFEQYLEPNEANYMALTPISFLERAASVYPNKTATVNGDIRHTWLEVFQRCTRFASALAKRGIGRGDTVSVIAPNISEHFEVHFGVPMSGAVLNSINTRLDAEAIAFILVHAETKVLITDKEFSPIVKKALRMIPHKPLVIDIDDPHFNEGQLIGSLTYDQLLAEGDSDFELIRPNNEWDAISLNYTSGTTGDPKGVVYHYRGAYLNAVSNVMSWSMGEHPVYLWTLPMFHCNGWCFPWSIAATAGTSVSLRHVRAEPIFNLIQTEKVGYFCGAPIVLNMLNGADASLKADINHPVKVMTAGAPPPASVIEGMEASGFKVTHTYGLTETYGPSVVCAWHDEWNEESAEKQAKLKSRQGVRSPMLDQLMVADPETLEPMPKDGESVGEIFMRGNLVMKGYLKNPSTTQTAFDGGWLHSGDIAVWHSDGYIEIKDRSKDVIISGGENISSVEVEDILYRHPKVQEVAVVAKKDDKWGETPCAFITPMPNIDITEEEMIAFCRDNMAHFKTPKTIVFGELPKTSTGKIQKFVLRAQANK
2.5.1.129,A9DCH5,Bacteria,shewanella_benthica,5,experimental,34,predicted,"[5, 10)",MSYPKKQKSISLAWTGASGAPYGLKLLECLLVADYQVFLMISSAARVVLATEEGVQLSANGKKAEQQLLKLFAERAESSLKGSLHVLGKDEWFSPPASGSAAPKQMVICPCSTGTLAAVATGMSNSLLERAADVVIKERGQLILVPRETPFSSIHLEHMLSLSKLGVTIMPAAPGFYHDPKSVQDLVNFMVARILDHLGVEHDLTNRWGYDKYSAEDSNK
2.7.7.6,A9DHT3,Bacteria,shewanella_benthica,5,experimental,34,predicted,"[5, 10)",MQGSVTEFLRPRLVNIEQVNPTRAKVTLEPLERGFGHTLGNALRRILLSSMPGCAVTEVEIDGVLHEYSSKEGVQEDILEILLNLKGLAVVIEGKDEAMLTLSKSGAGPVTAADITHDGDVTIMNPEHIICHLTGNNEISMRIRVERGRGYVPASARAQTEDDDRPIGRLLVDASFSPVARIAYTVEAARVEQRTDLDKLVIDMTTNGTLDPEEAIRRAATILAEQLDAFVELRDVTEPEQKEEKPEFDPILLRPVDDLELTVRSANCLKAEAIHYIGDLVQRTEVELLKTPNLGKKSLTEIKDVLASRGLSLGMRLENWPPASLVDDL
3.6.1.7,W9C8F3,Eukarya,sclerotinia_borealis,8,experimental,41,predicted,"[5, 10)",MNSLCPSFSNSTSQPPINPPASMTRRIGFTVSGTVQGPFYHITFLDSPGRIYNILDPLGNRVNFRYFTQKKAKSYGVIGWVRNTDDGKVSGEAQGNPSSIEKLIGDLKNGPRHAQVTNYEERDLDIKGDGTEEKSFEVVR
3.5.1.10,Q47W16,Bacteria,colwellia_psychrerythraea,9,experimental,33,predicted,"[5, 10)",MSSATHYILTWQCPDNTGVLAKVSQSLFSHGAFITETSQYSDPYSETFFSRIAFDDRNLTVSSSEFVKALNELAKPLAMQYQLRKRADVPNVLIAVSKDDHCLVSLLTKWRSGALPINIVGVISNHQYCQALSEWHNVPFYHLPVNAETKLEQEAQITDLMEELNIDLLVLARYMQILSDGLCQQLQGKAINIHHSFLPSFKGARPYHQAHARGVKVIGATAHYVTANLDEGPIIAQEVKPINHAFTIEQMVHMGHDLEATALSHAVRIHAEQRVCINGDKTVILA
1.8.1.2,A0A099L3H1,Bacteria,colwellia_psychrerythraea,9,experimental,34,predicted,"[5, 10)",MSSNFTKVENPVLVVEGKQADNERMKAESDYLRGTITTDLADRMTGGFSSDNSQLIRTHGMYQQDDRDIRAERQKQKLEPLHNVMLRARLPGGIINPTQWLAIDKFADDYTSYGSIRLTTRQTFQFHGVLKPNIKLMHQTLNSVGLDSIATAGDVNRNVLCTSNPVESTLHQEAYEWATKLSEHLLPKTRAYAEIWLDEEKVETTEANEIEPILGSNYLPRKFKTTVVIPPNNDIDVHANDLNFVAISEGGELIGFNVLVGGGLAMTHGDNATYPRCADDFGFIPKEHTLAVAAAVVTTQRDWGNRVNRKNAKTKYTLDRVGVDTFKAEVEKRAGVEFSESRSYEFTHRGDSFGWVAGIDGKHHLTLFIENGRILDSQRSDLAGKTLKTGMREIAKIHQGDFRLTANQNLIVAGVAEADKAAIEQLAREHGLLNDGVSNQRKNSMACVAFPTCPLAMAEAERYLPTLVDDVETILEKNGLKDESIILRVTGCPNGCGRAMLAEIGLVGKGPGKYNMYLGSDVAGSRVPKLYKENVDEAGVLSEIDTLSARWSAERNDNEAFGDFVVRAGIVDKVVISFKDFHHA
1.9.6.1,A9DBW1,Bacteria,shewanella_benthica,5,experimental,33,predicted,"[5, 10)",MKMSRRDFIKANAAASAAALAGITLPATATNLIASSEESKIHWDKAPCRFCGTGCSVLVGTQDGKVVATQGDPESPVNKGLNCIKGYFLSKIMYGSDRLTQPLLRQTNGKFDKNGDFAPVSWDQAFDIMAEKWKAALKEKGPTSVGMFGSGQWTIMEGYAASKMMKAGFRSNNIDPNARHCMASAVGGFMRSFGIDEPMGCYDDFEHADAFVLWGSNMAEMHPVLWSRITDRRLSYPHVKVHVLSTYYHRSFELADKGYIFKPQTDLVIANFIANYIIENDAVNWDFVNKHTHFKQATTDIGYGLRDEHPLQKKAANPNVGKIHSIDFEQYKKSVAPYTLEKTAEMTGLSEDELITLAKQFADPKIKVMSLWTMGMNQHTRGVWMNSLVYNIHLLVGKISTPGNGPFSLTGQPSACGTAREVGTFSHRLPADMVVTNPEHRKRAEQLWKIPEGTIPPKPGFHAVEQDRKLNDGVLNAYWTMCNNNMQAGPNINGERLPGYRNPKNFIVCSDPYPTVTAQAADLILPTSMWVEKEGAYGNAERRTQVWYQQVKAPGESKSDLWQIMEFAKRFKIEEVWTEELIAKMPEVRGKNMYEVLFENGQVNKFPLSEAQALNDDAQDQGYYVQKGLFEEYASFGRGHGHDLAPYERYHKERGLRWPVVDGKETKWRFKEGSDPYVGKGKGFEFYGKPDGKAWIISAPYEAPPESPDEEFPLWLCTGRVLEHWHTGTMTRRVPELYKAVPDALCYMHPDDAKSHGVRRGDEVLMSNKRGEIRVRVETRGRNRPPKGLVFVPFFDARILINKLILDATDPLSKQTDYKKCPIKITKIG
6.1.1.11,A0A1Y5EM53,Bacteria,colwellia_psychrerythraea,9,experimental,31,predicted,"[5, 10)",MLDAKLLRTDLDNIAQQLTKRNFVLDTDSLSALEEQRKAIQVKTQELQNERNTRSKSIGQAKARGEDIAPLLAHVSQLGDDLDAAKTEQDEVLAKIDAIASAIPNLLDDSVPEGKDEDDNVELKRWGTPREFDFEVKDHVDLGFSVDKGLDFESGAKLAGTRFVVMRGKIARLHRAIAQFMLDTHTEEHGYQEMYVPYLVNAASLYGTGQLPKFGEDLFHTDLSNKKFSLIPTSEVPLTNLVRDEIVDEDDLPIKMTAHTPCFRSEAGSGGRDIRGLIRQHQFDKVEMVQIVKPENSMTALDELTRHAEIILEKLELPYRTVQLCSGDVGFSAAKTFDLEVWLPAQDTYREISSCSNMGAFQARRMQARFRNSETNKPELLHTLNGSGLAVGRTLVAILENYQQADGSINVPTVLQPYMGGLTNIG
3.5.2.6,A0A099KMQ6,Bacteria,colwellia_psychrerythraea,9,experimental,39,predicted,"[5, 10)",MKKISIFQSVVITAVMLIGSLVISSAAQAKTFLEGENAHAALGEYFKKYNAKGTIVVLDKRSKENKSYVFNQKRAKQRYSPASTYKIPHSLFALDAGLVKDEFQVFPWDGIKRGYSPHNQDQNLRSAMRNSAVWVYDIFAEQLGEKKAGNYLKKVSYGNADPTTAQGSYWIDGKLAISAHEQIEFLERLYKNELPFKVEHQLLVKDIMVVEAQKKWILRAKTGWQGKHGWWVGWVEWPTGPVFFALNIDTPERMKDVYKRQAIVRDILRSIGALPTNN
6.1.1.20,A0A099KHD8,Bacteria,colwellia_psychrerythraea,9,experimental,32,predicted,"[5, 10)",MKFSESWLREWVNPALSSDDLAHQITMAGLEVDGVDPVAGEFTGVVIGEVVECGPHPDADKLQVTKISLGDYSSATVEKGELVDIVCGAKNCRLGLKVAVATVGAVLPGDFKIKKAKLRGVPSFGMLCSESEIGLADDSDGIMELASDAPLGQCVREYLDLNDVTIDVDLTANRGDCLGLKGLAREVGVLNSLEVTEPTITVAVPTIDDAITINIDAGEACPRYLGRVIKGINPKATTPLWMVEKLRRCGTRSIDPVVDVTNYILLELGHPMHAFDLAKLEGGINVRFANKDEKLTLLDENEVTLTEETLVIADENKALAMAGIFGGLESGVTTDTTDIFLESAFFAPLAILGKARQYGLHTDASHRYERGIDPTLQHDAIERATELLLAIVGGQAGPIVEAKSDADIPQTKDVSLRRTMLDSRIGHHIEDEQVSEILTRLGFTVNTTGESEAKVWQVIVPAYRFDIKIEVDLIEEVARIFGYNNIPNIAPKATLKMCEQKEANLSLSSLKQTLVNRDYQEAITYSFVDPKVQALLHPEQEVMTLPHPISSEMSVMRLSLWTGLLQSMIYNQNRQQGRVRLFETGLRFVPDESAENGVRQENMIAGVISGQRVDEHWSMEKAATDYYDIKGDVEALLALTCDAQGYEFSKAEVDALHPGQTAKITKNGVFVGCVGALHPELERKLGLNGRTLIFELLLSEVLVQKIPEATDISRFPANRRDLAIVVKEDVDAKNVLQLIEKVGGNYLIDLNLFDVYQGQGIDDGFKSLAIALVLQDTSKTLEEKDITDVIDRVVATLKTELNASLRD
5.3.1.1,W9CX97,Eukarya,sclerotinia_borealis,8,experimental,33,predicted,"[5, 10)",MPRQFFVGGNFKMNGSVDSIKQIVGYLNDAKLDSNTEVVIAPPALYLLLTREHLRSGLEVAAQNVFDKPNGAFTGEISVTQLKDSNITWTLLGHSERRVVLQEDDSFVASKTKAALDGGIGVIFCCGETLEQRESNKTIDVVTAQLKAVKEKIQDWSKIVIAYEPIWAIGTGKVASTEQAQEVHAAIRSWLKSEVSEKVAEETRIIYGGSVSEKNCKELSKQEDIDGFLVGGASLKPAFVDIINSHL
